date,action,direction,price,balance,signal,pnl
2023-08-28,OPEN,SHORT,1.0797386169433594,100000.0,"{'direction': -1, 'confidence': np.float64(0.8), 'rationale': 'Momentum=-0.00531, BulkPressure=-0.01024, EntropyRegime=1.00, Neighbors=10', 'momentum': np.float64(-0.005314019484699473), 'bulk_pressure': np.float64(-0.010238894928260496), 'entropy_regime': np.float64(1.000440005236438)}",
2023-08-29,CLOSE,,1.082555651664734,99718.29652786252,"{'direction': -1, 'confidence': np.float64(0.2), 'rationale': 'Momentum=0.00087, BulkPressure=-0.00319, EntropyRegime=1.00, Neighbors=10', 'momentum': np.float64(0.0008732138837884095), 'bulk_pressure': np.float64(-0.0031899132029315934), 'entropy_regime': np.float64(1.0016411341069256)}",-281.7034721374734
2023-08-30,OPEN,LONG,1.0869210958480835,99718.29652786252,"{'direction': 1, 'confidence': np.float64(0.8), 'rationale': 'Momentum=0.00339, BulkPressure=0.00389, EntropyRegime=1.00, Neighbors=10', 'momentum': np.float64(0.003392835828398483), 'bulk_pressure': np.float64(0.0038947735688146154), 'entropy_regime': np.float64(1.0019159289515038)}",
2023-08-31,CLOSE,,1.0932546854019165,100351.65548324582,"{'direction': -1, 'confidence': np.float64(0.2), 'rationale': 'Momentum=0.00466, BulkPressure=-0.00556, EntropyRegime=1.00, Neighbors=10', 'momentum': np.float64(0.004661531350162701), 'bulk_pressure': np.float64(-0.005559719922273572), 'entropy_regime': np.float64(1.0023263824380062)}",633.3589553833008
2023-09-05,OPEN,SHORT,1.0794472694396973,100351.65548324582,"{'direction': -1, 'confidence': np.float64(0.8), 'rationale': 'Momentum=-0.00760, BulkPressure=-0.00339, EntropyRegime=1.00, Neighbors=10', 'momentum': np.float64(-0.007603226863506252), 'bulk_pressure': np.float64(-0.0033896215065104974), 'entropy_regime': np.float64(1.0018572687315785)}",
2023-09-06,CLOSE,,1.0726161003112793,101034.77239608762,"{'direction': 1, 'confidence': np.float64(0.2), 'rationale': 'Momentum=-0.00363, BulkPressure=0.01028, EntropyRegime=1.00, Neighbors=10', 'momentum': np.float64(-0.003628115009944699), 'bulk_pressure': np.float64(0.010282778810609775), 'entropy_regime': np.float64(1.0030785146889833)}",683.1169128417969
2023-09-08,OPEN,LONG,1.0697818994522097,101034.77239608762,"{'direction': 1, 'confidence': np.float64(0.8), 'rationale': 'Momentum=0.00089, BulkPressure=0.00037, EntropyRegime=1.00, Neighbors=10', 'momentum': np.float64(0.0008929747896913864), 'bulk_pressure': np.float64(0.0003739040066984003), 'entropy_regime': np.float64(1.0031096287222134)}",
2023-09-11,CLOSE,,1.071811318397522,101237.71429061884,"{'direction': -1, 'confidence': np.float64(0.8), 'rationale': 'Momentum=-0.00118, BulkPressure=-0.00573, EntropyRegime=0.99, Neighbors=10', 'momentum': np.float64(-0.0011763970590903561), 'bulk_pressure': np.float64(-0.0057267081343700945), 'entropy_regime': np.float64(0.9940367293996085)}",202.9418945312278
2023-09-11,OPEN,SHORT,1.071811318397522,101237.71429061884,"{'direction': -1, 'confidence': np.float64(0.8), 'rationale': 'Momentum=-0.00118, BulkPressure=-0.00573, EntropyRegime=0.99, Neighbors=10', 'momentum': np.float64(-0.0011763970590903561), 'bulk_pressure': np.float64(-0.0057267081343700945), 'entropy_regime': np.float64(0.9940367293996085)}",
2023-09-12,CLOSE,,1.0750375986099243,100915.0862693786,"{'direction': -1, 'confidence': np.float64(0.2), 'rationale': 'Momentum=0.00310, BulkPressure=-0.00510, EntropyRegime=0.97, Neighbors=10', 'momentum': np.float64(0.003104304908706973), 'bulk_pressure': np.float64(-0.0050973858472750586), 'entropy_regime': np.float64(0.9683914929427532)}",-322.6280212402344
2023-09-13,OPEN,LONG,1.075326681137085,100915.0862693786,"{'direction': 1, 'confidence': np.float64(0.8), 'rationale': 'Momentum=0.00390, BulkPressure=0.00559, EntropyRegime=0.97, Neighbors=10', 'momentum': np.float64(0.003897242542929996), 'bulk_pressure': np.float64(0.005585844843337504), 'entropy_regime': np.float64(0.9698160500742047)}",
2023-09-14,CLOSE,,1.073422074317932,100724.62558746329,"{'direction': -1, 'confidence': np.float64(0.2), 'rationale': 'Momentum=0.00098, BulkPressure=-0.00392, EntropyRegime=0.97, Neighbors=10', 'momentum': np.float64(0.0009849330300034155), 'bulk_pressure': np.float64(-0.003922399745053724), 'entropy_regime': np.float64(0.9676410183188887)}",-190.4606819153054
2023-09-15,OPEN,SHORT,1.0637166500091553,100724.62558746329,"{'direction': -1, 'confidence': np.float64(0.8), 'rationale': 'Momentum=-0.00099, BulkPressure=-0.00122, EntropyRegime=0.97, Neighbors=10', 'momentum': np.float64(-0.0009927706239431678), 'bulk_pressure': np.float64(-0.0012172107782148233), 'entropy_regime': np.float64(0.9699204162069723)}",
2023-09-18,CLOSE,,1.0668259859085083,100413.69199752799,"{'direction': 1, 'confidence': np.float64(0.2), 'rationale': 'Momentum=-0.00795, BulkPressure=0.00818, EntropyRegime=0.95, Neighbors=10', 'momentum': np.float64(-0.007945381276173957), 'bulk_pressure': np.float64(0.008175185247132054), 'entropy_regime': np.float64(0.94645336430251)}",-310.93358993530273
2023-09-19,OPEN,LONG,1.0692671537399292,100413.69199752799,"{'direction': 1, 'confidence': np.float64(0.8), 'rationale': 'Momentum=0.00387, BulkPressure=0.00267, EntropyRegime=0.96, Neighbors=10', 'momentum': np.float64(0.003872039024691909), 'bulk_pressure': np.float64(0.002666392953712176), 'entropy_regime': np.float64(0.9591518560428239)}",
2023-09-21,CLOSE,,1.065303087234497,100017.28534698478,"{'direction': 1, 'confidence': np.float64(0.2), 'rationale': 'Momentum=-0.00000, BulkPressure=0.00580, EntropyRegime=0.96, Neighbors=10', 'momentum': np.float64(-2.707176499194396e-07), 'bulk_pressure': np.float64(0.005798292070658962), 'entropy_regime': np.float64(0.9605828664941413)}",-396.4066505432129
2023-09-28,OPEN,SHORT,1.0505305528640747,100017.28534698478,"{'direction': -1, 'confidence': np.float64(0.8), 'rationale': 'Momentum=-0.00090, BulkPressure=-0.00355, EntropyRegime=1.00, Neighbors=10', 'momentum': np.float64(-0.0009042831626126957), 'bulk_pressure': np.float64(-0.0035497459022239483), 'entropy_regime': np.float64(0.9961549100302085)}",
2023-10-02,CLOSE,,1.0565240383148191,99417.93680191034,"{'direction': 1, 'confidence': np.float64(0.8), 'rationale': 'Momentum=0.00715, BulkPressure=0.00165, EntropyRegime=0.99, Neighbors=10', 'momentum': np.float64(0.007152739095445398), 'bulk_pressure': np.float64(0.0016534953522335564), 'entropy_regime': np.float64(0.992201568255854)}",-599.3485450744407
2023-10-02,OPEN,LONG,1.0565240383148191,99417.93680191034,"{'direction': 1, 'confidence': np.float64(0.8), 'rationale': 'Momentum=0.00715, BulkPressure=0.00165, EntropyRegime=0.99, Neighbors=10', 'momentum': np.float64(0.007152739095445398), 'bulk_pressure': np.float64(0.0016534953522335564), 'entropy_regime': np.float64(0.992201568255854)}",
2023-10-04,CLOSE,,1.0472300052642822,98488.53349685666,"{'direction': 1, 'confidence': np.float64(0.2), 'rationale': 'Momentum=-0.00653, BulkPressure=0.01197, EntropyRegime=0.99, Neighbors=10', 'momentum': np.float64(-0.006530450432000101), 'bulk_pressure': np.float64(0.01197266389069002), 'entropy_regime': np.float64(0.9907813159708669)}",-929.4033050536888
2023-10-09,OPEN,LONG,1.056747317314148,98488.53349685666,"{'direction': 1, 'confidence': np.float64(0.8), 'rationale': 'Momentum=0.00447, BulkPressure=0.00182, EntropyRegime=0.98, Neighbors=10', 'momentum': np.float64(0.004469025830511042), 'bulk_pressure': np.float64(0.0018206956092072573), 'entropy_regime': np.float64(0.9839563959383515)}",
2023-10-10,CLOSE,,1.0578875541687012,98602.55718231198,"{'direction': -1, 'confidence': np.float64(0.2), 'rationale': 'Momentum=0.00268, BulkPressure=-0.00064, EntropyRegime=0.98, Neighbors=10', 'momentum': np.float64(0.0026760281511910345), 'bulk_pressure': np.float64(-0.0006402253983335125), 'entropy_regime': np.float64(0.9762183531901174)}",114.02368545532227
2023-10-13,OPEN,LONG,1.0536741018295288,98602.55718231198,"{'direction': 1, 'confidence': np.float64(0.8), 'rationale': 'Momentum=0.00234, BulkPressure=0.00385, EntropyRegime=0.97, Neighbors=10', 'momentum': np.float64(0.0023448849107449766), 'bulk_pressure': np.float64(0.0038543716624795), 'entropy_regime': np.float64(0.9652832495910814)}",
2023-10-16,CLOSE,,1.052155375480652,98450.68454742432,"{'direction': 1, 'confidence': np.float64(0.2), 'rationale': 'Momentum=-0.00777, BulkPressure=0.01487, EntropyRegime=0.95, Neighbors=10', 'momentum': np.float64(-0.0077728645575902535), 'bulk_pressure': np.float64(0.01487318568804086), 'entropy_regime': np.float64(0.9457197810518326)}",-151.87263488767312
2023-10-17,OPEN,SHORT,1.055431246757507,98450.68454742432,"{'direction': -1, 'confidence': np.float64(0.8), 'rationale': 'Momentum=-0.00076, BulkPressure=-0.00004, EntropyRegime=0.94, Neighbors=10', 'momentum': np.float64(-0.0007562629698484868), 'bulk_pressure': np.float64(-3.877316174952735e-05), 'entropy_regime': np.float64(0.941831002753976)}",
2023-10-18,CLOSE,,1.057305932044983,98263.21601867673,"{'direction': 1, 'confidence': np.float64(0.8), 'rationale': 'Momentum=0.00376, BulkPressure=0.00536, EntropyRegime=0.94, Neighbors=10', 'momentum': np.float64(0.0037573241157128567), 'bulk_pressure': np.float64(0.005362235702073466), 'entropy_regime': np.float64(0.9381759587776523)}",-187.4685287475808
2023-10-18,OPEN,LONG,1.057305932044983,98263.21601867673,"{'direction': 1, 'confidence': np.float64(0.8), 'rationale': 'Momentum=0.00376, BulkPressure=0.00536, EntropyRegime=0.94, Neighbors=10', 'momentum': np.float64(0.0037573241157128567), 'bulk_pressure': np.float64(0.005362235702073466), 'entropy_regime': np.float64(0.9381759587776523)}",
2023-10-20,CLOSE,,1.0586491823196411,98397.54104614255,"{'direction': 1, 'confidence': np.float64(0.2), 'rationale': 'Momentum=-0.00273, BulkPressure=0.01358, EntropyRegime=0.95, Neighbors=10', 'momentum': np.float64(-0.002734005913640225), 'bulk_pressure': np.float64(0.013578911053185271), 'entropy_regime': np.float64(0.9468486175307869)}",134.3250274658203
2023-10-23,OPEN,LONG,1.0589966773986816,98397.54104614255,"{'direction': 1, 'confidence': np.float64(0.8), 'rationale': 'Momentum=0.00490, BulkPressure=0.00406, EntropyRegime=0.96, Neighbors=10', 'momentum': np.float64(0.004897434248511567), 'bulk_pressure': np.float64(0.00405609546523057), 'entropy_regime': np.float64(0.960232517167767)}",
2023-10-25,CLOSE,,1.059535264968872,98451.39980316159,"{'direction': -1, 'confidence': np.float64(0.2), 'rationale': 'Momentum=0.00717, BulkPressure=-0.00178, EntropyRegime=0.98, Neighbors=10', 'momentum': np.float64(0.007167147861376321), 'bulk_pressure': np.float64(-0.0017784760617506484), 'entropy_regime': np.float64(0.9752632600834603)}",53.85875701904297
2023-10-27,OPEN,SHORT,1.0564459562301636,98451.39980316159,"{'direction': -1, 'confidence': np.float64(0.8), 'rationale': 'Momentum=-0.00296, BulkPressure=-0.00221, EntropyRegime=0.98, Neighbors=10', 'momentum': np.float64(-0.002955326378283674), 'bulk_pressure': np.float64(-0.002210279641174543), 'entropy_regime': np.float64(0.9781867326855084)}",
2023-10-30,CLOSE,,1.0562450885772705,98471.4865684509,"{'direction': 1, 'confidence': np.float64(0.2), 'rationale': 'Momentum=-0.00028, BulkPressure=0.00191, EntropyRegime=0.96, Neighbors=10', 'momentum': np.float64(-0.0002818946778925968), 'bulk_pressure': np.float64(0.0019142262947739045), 'entropy_regime': np.float64(0.9647360411172902)}",20.08676528930664
2023-10-31,OPEN,SHORT,1.061503529548645,98471.4865684509,"{'direction': -1, 'confidence': np.float64(0.8), 'rationale': 'Momentum=-0.00019, BulkPressure=-0.00241, EntropyRegime=0.99, Neighbors=10', 'momentum': np.float64(-0.00018522989691253656), 'bulk_pressure': np.float64(-0.002412431554343633), 'entropy_regime': np.float64(0.988894082672553)}",
2023-11-01,CLOSE,,1.0579099655151367,98830.84297180173,"{'direction': -1, 'confidence': np.float64(0.2), 'rationale': 'Momentum=0.00433, BulkPressure=-0.00711, EntropyRegime=1.00, Neighbors=10', 'momentum': np.float64(0.004334571436648532), 'bulk_pressure': np.float64(-0.0071093057562291425), 'entropy_regime': np.float64(1.0021015167980007)}",359.3564033508301
2023-11-02,OPEN,SHORT,1.05870521068573,98830.84297180173,"{'direction': -1, 'confidence': np.float64(0.8), 'rationale': 'Momentum=-0.00390, BulkPressure=-0.00420, EntropyRegime=1.00, Neighbors=10', 'momentum': np.float64(-0.0039002638455390313), 'bulk_pressure': np.float64(-0.004200294710310317), 'entropy_regime': np.float64(1.004566673118686)}",
2023-11-03,CLOSE,,1.061909317970276,98510.43224334711,"{'direction': -1, 'confidence': np.float64(0.2), 'rationale': 'Momentum=0.00037, BulkPressure=-0.01013, EntropyRegime=1.00, Neighbors=10', 'momentum': np.float64(0.0003652308193802245), 'bulk_pressure': np.float64(-0.010130591482850695), 'entropy_regime': np.float64(0.9968490281191695)}",-320.41072845461207
2023-11-07,OPEN,LONG,1.0721560716629028,98510.43224334711,"{'direction': 1, 'confidence': np.float64(0.8), 'rationale': 'Momentum=0.00986, BulkPressure=0.00777, EntropyRegime=1.01, Neighbors=10', 'momentum': np.float64(0.00986328544611036), 'bulk_pressure': np.float64(0.007769893596720906), 'entropy_regime': np.float64(1.0143013098151494)}",
2023-11-08,CLOSE,,1.0696102380752563,98255.84888458246,"{'direction': -1, 'confidence': np.float64(0.8), 'rationale': 'Momentum=-0.00167, BulkPressure=-0.00279, EntropyRegime=1.01, Neighbors=10', 'momentum': np.float64(-0.0016662573949427274), 'bulk_pressure': np.float64(-0.002793852842214462), 'entropy_regime': np.float64(1.0141981186630618)}",-254.58335876464844
2023-11-08,OPEN,SHORT,1.0696102380752563,98255.84888458246,"{'direction': -1, 'confidence': np.float64(0.8), 'rationale': 'Momentum=-0.00167, BulkPressure=-0.00279, EntropyRegime=1.01, Neighbors=10', 'momentum': np.float64(-0.0016662573949427274), 'bulk_pressure': np.float64(-0.002793852842214462), 'entropy_regime': np.float64(1.0141981186630618)}",
2023-11-10,CLOSE,,1.0667576789855957,98541.10479354853,"{'direction': 1, 'confidence': np.float64(0.8), 'rationale': 'Momentum=0.00093, BulkPressure=0.02098, EntropyRegime=1.02, Neighbors=10', 'momentum': np.float64(0.0009252460315644584), 'bulk_pressure': np.float64(0.02097762085039153), 'entropy_regime': np.float64(1.0157651878045584)}",285.25590896606445
2023-11-10,OPEN,LONG,1.0667576789855957,98541.10479354853,"{'direction': 1, 'confidence': np.float64(0.8), 'rationale': 'Momentum=0.00093, BulkPressure=0.02098, EntropyRegime=1.02, Neighbors=10', 'momentum': np.float64(0.0009252460315644584), 'bulk_pressure': np.float64(0.02097762085039153), 'entropy_regime': np.float64(1.0157651878045584)}",
2023-11-13,CLOSE,,1.069015622138977,98766.89910888666,"{'direction': -1, 'confidence': np.float64(0.8), 'rationale': 'Momentum=-0.00463, BulkPressure=-0.00867, EntropyRegime=1.02, Neighbors=10', 'momentum': np.float64(-0.004626003807163742), 'bulk_pressure': np.float64(-0.008672931541874372), 'entropy_regime': np.float64(1.0158774475523054)}",225.79431533813477
2023-11-13,OPEN,SHORT,1.069015622138977,98766.89910888666,"{'direction': -1, 'confidence': np.float64(0.8), 'rationale': 'Momentum=-0.00463, BulkPressure=-0.00867, EntropyRegime=1.02, Neighbors=10', 'momentum': np.float64(-0.004626003807163742), 'bulk_pressure': np.float64(-0.008672931541874372), 'entropy_regime': np.float64(1.0158774475523054)}",
2023-11-14,CLOSE,,1.0701825618743896,98650.2051353454,"{'direction': 1, 'confidence': np.float64(0.8), 'rationale': 'Momentum=0.00131, BulkPressure=0.00270, EntropyRegime=1.01, Neighbors=10', 'momentum': np.float64(0.001313158285172561), 'bulk_pressure': np.float64(0.002695695559743978), 'entropy_regime': np.float64(1.0136952073749275)}",-116.69397354125977
2023-11-14,OPEN,LONG,1.0701825618743896,98650.2051353454,"{'direction': 1, 'confidence': np.float64(0.8), 'rationale': 'Momentum=0.00131, BulkPressure=0.00270, EntropyRegime=1.01, Neighbors=10', 'momentum': np.float64(0.001313158285172561), 'bulk_pressure': np.float64(0.002695695559743978), 'entropy_regime': np.float64(1.0136952073749275)}",
2023-11-15,CLOSE,,1.0878314971923828,100415.09866714472,"{'direction': -1, 'confidence': np.float64(0.2), 'rationale': 'Momentum=0.00039, BulkPressure=-0.01022, EntropyRegime=1.01, Neighbors=10', 'momentum': np.float64(0.0003892135191265911), 'bulk_pressure': np.float64(-0.010219948609909539), 'entropy_regime': np.float64(1.0115682609882624)}",1764.8935317993164
2023-11-16,OPEN,LONG,1.0854581594467163,100415.09866714472,"{'direction': 1, 'confidence': np.float64(0.8), 'rationale': 'Momentum=0.01505, BulkPressure=0.01385, EntropyRegime=1.01, Neighbors=10', 'momentum': np.float64(0.015053365123072687), 'bulk_pressure': np.float64(0.013845027402050967), 'entropy_regime': np.float64(1.0122738125390074)}",
2023-11-17,CLOSE,,1.0853756666183472,100406.8493843078,"{'direction': -1, 'confidence': np.float64(0.8), 'rationale': 'Momentum=-0.00367, BulkPressure=-0.00749, EntropyRegime=1.01, Neighbors=10', 'momentum': np.float64(-0.0036741258455169623), 'bulk_pressure': np.float64(-0.00749415027265232), 'entropy_regime': np.float64(1.011837980523064)}",-8.249282836914062
2023-11-17,OPEN,SHORT,1.0853756666183472,100406.8493843078,"{'direction': -1, 'confidence': np.float64(0.8), 'rationale': 'Momentum=-0.00367, BulkPressure=-0.00749, EntropyRegime=1.01, Neighbors=10', 'momentum': np.float64(-0.0036741258455169623), 'bulk_pressure': np.float64(-0.00749415027265232), 'entropy_regime': np.float64(1.011837980523064)}",
2023-11-21,CLOSE,,1.0945948362350464,99484.93242263788,"{'direction': 1, 'confidence': np.float64(0.8), 'rationale': 'Momentum=0.00342, BulkPressure=0.00220, EntropyRegime=1.01, Neighbors=10', 'momentum': np.float64(0.0034180820706364466), 'bulk_pressure': np.float64(0.002200146340083944), 'entropy_regime': np.float64(1.0062303382877746)}",-921.9169616699219
2023-11-21,OPEN,LONG,1.0945948362350464,99484.93242263788,"{'direction': 1, 'confidence': np.float64(0.8), 'rationale': 'Momentum=0.00342, BulkPressure=0.00220, EntropyRegime=1.01, Neighbors=10', 'momentum': np.float64(0.0034180820706364466), 'bulk_pressure': np.float64(0.002200146340083944), 'entropy_regime': np.float64(1.0062303382877746)}",
2023-11-22,CLOSE,,1.0918222665786743,99207.67545700067,"{'direction': -1, 'confidence': np.float64(0.2), 'rationale': 'Momentum=0.00228, BulkPressure=-0.00689, EntropyRegime=1.00, Neighbors=10', 'momentum': np.float64(0.0022771691087432435), 'bulk_pressure': np.float64(-0.006885693927868474), 'entropy_regime': np.float64(1.004987113041764)}",-277.25696563720703
2023-11-30,OPEN,LONG,1.0973695516586304,99207.67545700067,"{'direction': 1, 'confidence': np.float64(0.8), 'rationale': 'Momentum=0.00252, BulkPressure=0.00062, EntropyRegime=1.00, Neighbors=10', 'momentum': np.float64(0.0025153929513827833), 'bulk_pressure': np.float64(0.0006203137226064217), 'entropy_regime': np.float64(1.0040883427556047)}",
2023-12-01,CLOSE,,1.089205980300903,98391.31832122794,"{'direction': 1, 'confidence': np.float64(0.2), 'rationale': 'Momentum=-0.00477, BulkPressure=0.00157, EntropyRegime=1.00, Neighbors=10', 'momentum': np.float64(-0.004773894554360586), 'bulk_pressure': np.float64(0.0015742744975457313), 'entropy_regime': np.float64(1.0037875164603451)}",-816.3571357727272
2023-12-07,OPEN,SHORT,1.076669692993164,98391.31832122794,"{'direction': -1, 'confidence': np.float64(0.8), 'rationale': 'Momentum=-0.00442, BulkPressure=-0.00425, EntropyRegime=1.01, Neighbors=10', 'momentum': np.float64(-0.00441636336152888), 'bulk_pressure': np.float64(-0.004247344620412371), 'entropy_regime': np.float64(1.0096868972679545)}",
2023-12-08,CLOSE,,1.079214334487915,98136.85417175284,"{'direction': 1, 'confidence': np.float64(0.2), 'rationale': 'Momentum=-0.00284, BulkPressure=0.00602, EntropyRegime=1.01, Neighbors=10', 'momentum': np.float64(-0.0028387529353843034), 'bulk_pressure': np.float64(0.006015325904802254), 'entropy_regime': np.float64(1.0104935768868681)}",-254.46414947509766
2023-12-12,OPEN,SHORT,1.076658010482788,98136.85417175284,"{'direction': -1, 'confidence': np.float64(0.8), 'rationale': 'Momentum=-0.00291, BulkPressure=-0.01001, EntropyRegime=1.01, Neighbors=10', 'momentum': np.float64(-0.00291381703715094), 'bulk_pressure': np.float64(-0.01000500899874103), 'entropy_regime': np.float64(1.0093656943593563)}",
2023-12-14,CLOSE,,1.0886130332946775,96941.3518905639,"{'direction': 1, 'confidence': np.float64(0.8), 'rationale': 'Momentum=0.00252, BulkPressure=0.00370, EntropyRegime=1.01, Neighbors=10', 'momentum': np.float64(0.002518121289887404), 'bulk_pressure': np.float64(0.0037042183419026043), 'entropy_regime': np.float64(1.0115797391130008)}",-1195.5022811889426
2023-12-14,OPEN,LONG,1.0886130332946775,96941.3518905639,"{'direction': 1, 'confidence': np.float64(0.8), 'rationale': 'Momentum=0.00252, BulkPressure=0.00370, EntropyRegime=1.01, Neighbors=10', 'momentum': np.float64(0.002518121289887404), 'bulk_pressure': np.float64(0.0037042183419026043), 'entropy_regime': np.float64(1.0115797391130008)}",
2023-12-18,CLOSE,,1.0895264148712158,97032.69004821774,"{'direction': -1, 'confidence': np.float64(0.2), 'rationale': 'Momentum=0.00923, BulkPressure=-0.00779, EntropyRegime=1.01, Neighbors=10', 'momentum': np.float64(0.009226893037221618), 'bulk_pressure': np.float64(-0.0077888008095798895), 'entropy_regime': np.float64(1.0101394977499032)}",91.33815765383079
2023-12-21,OPEN,LONG,1.094570875167847,97032.69004821774,"{'direction': 1, 'confidence': np.float64(0.8), 'rationale': 'Momentum=0.00507, BulkPressure=0.01212, EntropyRegime=1.01, Neighbors=10', 'momentum': np.float64(0.0050667305355980964), 'bulk_pressure': np.float64(0.012123312151607099), 'entropy_regime': np.float64(1.0067405059922854)}",
2023-12-22,CLOSE,,1.100618600845337,97637.46261596674,"{'direction': 1, 'confidence': np.float64(0.2), 'rationale': 'Momentum=-0.00335, BulkPressure=0.00249, EntropyRegime=1.01, Neighbors=10', 'momentum': np.float64(-0.003354949656943873), 'bulk_pressure': np.float64(0.002491909341102243), 'entropy_regime': np.float64(1.0060336578537927)}",604.7725677490013
2023-12-26,OPEN,LONG,1.1020255088806152,97637.46261596674,"{'direction': 1, 'confidence': np.float64(0.8), 'rationale': 'Momentum=0.00506, BulkPressure=0.00012, EntropyRegime=1.02, Neighbors=10', 'momentum': np.float64(0.005057479384105001), 'bulk_pressure': np.float64(0.00012111530357546455), 'entropy_regime': np.float64(1.0239087628968035)}",
2023-12-27,CLOSE,,1.1043012142181396,97865.03314971918,"{'direction': -1, 'confidence': np.float64(0.2), 'rationale': 'Momentum=0.00090, BulkPressure=-0.00708, EntropyRegime=1.02, Neighbors=10', 'momentum': np.float64(0.0009030963354153432), 'bulk_pressure': np.float64(-0.007075704335357355), 'entropy_regime': np.float64(1.020665342615658)}",227.5705337524414
2023-12-28,OPEN,LONG,1.110864281654358,97865.03314971918,"{'direction': 1, 'confidence': np.float64(0.8), 'rationale': 'Momentum=0.00167, BulkPressure=0.00290, EntropyRegime=1.02, Neighbors=10', 'momentum': np.float64(0.0016687675152122772), 'bulk_pressure': np.float64(0.0028997213325366563), 'entropy_regime': np.float64(1.0228211032132217)}",
2023-12-29,CLOSE,,1.1068191528320312,97460.52026748651,"{'direction': -1, 'confidence': np.float64(0.2), 'rationale': 'Momentum=0.00547, BulkPressure=-0.00108, EntropyRegime=1.02, Neighbors=10', 'momentum': np.float64(0.005466594910237999), 'bulk_pressure': np.float64(-0.0010771764362338344), 'entropy_regime': np.float64(1.0203366043114497)}",-404.512882232666
2024-01-02,OPEN,SHORT,1.1038745641708374,97460.52026748651,"{'direction': -1, 'confidence': np.float64(0.8), 'rationale': 'Momentum=-0.00408, BulkPressure=-0.00433, EntropyRegime=1.01, Neighbors=10', 'momentum': np.float64(-0.004082449555038387), 'bulk_pressure': np.float64(-0.004334663956157219), 'entropy_regime': np.float64(1.0148314503574658)}",
2024-01-03,CLOSE,,1.0941756963729858,98430.40704727167,"{'direction': 1, 'confidence': np.float64(0.2), 'rationale': 'Momentum=-0.00334, BulkPressure=0.01558, EntropyRegime=1.02, Neighbors=10', 'momentum': np.float64(-0.0033403715838213168), 'bulk_pressure': np.float64(0.015582318070590677), 'entropy_regime': np.float64(1.0211201765904065)}",969.8867797851562
2024-01-04,OPEN,SHORT,1.0927767753601074,98430.40704727167,"{'direction': -1, 'confidence': np.float64(0.8), 'rationale': 'Momentum=-0.00904, BulkPressure=-0.00783, EntropyRegime=1.02, Neighbors=10', 'momentum': np.float64(-0.009044825230770492), 'bulk_pressure': np.float64(-0.00783034099114055), 'entropy_regime': np.float64(1.017911444370974)}",
2024-01-05,CLOSE,,1.0947387218475342,98234.212398529,"{'direction': 1, 'confidence': np.float64(0.2), 'rationale': 'Momentum=-0.00170, BulkPressure=0.00906, EntropyRegime=1.02, Neighbors=10', 'momentum': np.float64(-0.0017045971197831079), 'bulk_pressure': np.float64(0.009062216601214094), 'entropy_regime': np.float64(1.019186758176345)}",-196.19464874267578
2024-01-16,OPEN,SHORT,1.094570875167847,98234.212398529,"{'direction': -1, 'confidence': np.float64(0.8), 'rationale': 'Momentum=-0.00026, BulkPressure=-0.00839, EntropyRegime=1.01, Neighbors=10', 'momentum': np.float64(-0.0002592180904890717), 'bulk_pressure': np.float64(-0.008389686204882141), 'entropy_regime': np.float64(1.011589784056143)}",
2024-01-17,CLOSE,,1.087878942489624,98903.40566635129,"{'direction': 1, 'confidence': np.float64(0.2), 'rationale': 'Momentum=-0.00356, BulkPressure=0.01206, EntropyRegime=1.01, Neighbors=10', 'momentum': np.float64(-0.0035563339049075383), 'bulk_pressure': np.float64(0.012061110803446316), 'entropy_regime': np.float64(1.0116904680554524)}",669.1932678222878
2024-01-22,OPEN,SHORT,1.089229702949524,98903.40566635129,"{'direction': -1, 'confidence': np.float64(0.8), 'rationale': 'Momentum=-0.00041, BulkPressure=-0.00128, EntropyRegime=1.01, Neighbors=10', 'momentum': np.float64(-0.0004112730574813928), 'bulk_pressure': np.float64(-0.0012814174055228752), 'entropy_regime': np.float64(1.0102194458621019)}",
2024-01-23,CLOSE,,1.088020920753479,99024.28388595578,"{'direction': -1, 'confidence': np.float64(0.2), 'rationale': 'Momentum=0.00161, BulkPressure=-0.01423, EntropyRegime=1.01, Neighbors=10', 'momentum': np.float64(0.001608430910062536), 'bulk_pressure': np.float64(-0.014226000915742689), 'entropy_regime': np.float64(1.008067741922947)}",120.87821960449219
2024-01-24,OPEN,SHORT,1.0857881307601929,99024.28388595578,"{'direction': -1, 'confidence': np.float64(0.8), 'rationale': 'Momentum=-0.00082, BulkPressure=-0.00506, EntropyRegime=1.01, Neighbors=10', 'momentum': np.float64(-0.0008158022845922153), 'bulk_pressure': np.float64(-0.005064600633818738), 'entropy_regime': np.float64(1.005602353359909)}",
2024-01-25,CLOSE,,1.088174819946289,98785.61496734616,"{'direction': 1, 'confidence': np.float64(0.2), 'rationale': 'Momentum=-0.00138, BulkPressure=0.00529, EntropyRegime=1.00, Neighbors=10', 'momentum': np.float64(-0.0013793327736081108), 'bulk_pressure': np.float64(0.0052896457926177205), 'entropy_regime': np.float64(1.0047267575819079)}",-238.66891860961914
2024-01-26,OPEN,LONG,1.0847046375274658,98785.61496734616,"{'direction': 1, 'confidence': np.float64(0.8), 'rationale': 'Momentum=0.00282, BulkPressure=0.00100, EntropyRegime=1.00, Neighbors=10', 'momentum': np.float64(0.0028249498810612563), 'bulk_pressure': np.float64(0.0010000294539957637), 'entropy_regime': np.float64(1.0038083101782593)}",
2024-01-29,CLOSE,,1.0843517780303955,98750.32901763913,"{'direction': 1, 'confidence': np.float64(0.2), 'rationale': 'Momentum=-0.00230, BulkPressure=0.00592, EntropyRegime=1.01, Neighbors=10', 'momentum': np.float64(-0.0022994597583449574), 'bulk_pressure': np.float64(0.005920565818940576), 'entropy_regime': np.float64(1.0080890674972374)}",-35.28594970703125
2024-01-30,OPEN,LONG,1.0834470987319946,98750.32901763913,"{'direction': 1, 'confidence': np.float64(0.8), 'rationale': 'Momentum=0.00088, BulkPressure=0.00764, EntropyRegime=1.00, Neighbors=10', 'momentum': np.float64(0.0008776535820964105), 'bulk_pressure': np.float64(0.007637362345747265), 'entropy_regime': np.float64(1.0037624101230092)}",
2024-01-31,CLOSE,,1.08433997631073,98839.61677551267,"{'direction': -1, 'confidence': np.float64(0.2), 'rationale': 'Momentum=0.00023, BulkPressure=-0.00223, EntropyRegime=1.00, Neighbors=10', 'momentum': np.float64(0.0002282979816941033), 'bulk_pressure': np.float64(-0.002230352011869172), 'entropy_regime': np.float64(1.001907023607999)}",89.28775787353516
2024-02-01,OPEN,LONG,1.0803920030593872,98839.61677551267,"{'direction': 1, 'confidence': np.float64(0.8), 'rationale': 'Momentum=0.00171, BulkPressure=0.00061, EntropyRegime=1.00, Neighbors=10', 'momentum': np.float64(0.001712484655183183), 'bulk_pressure': np.float64(0.0006143488736656323), 'entropy_regime': np.float64(1.0049013242513538)}",
2024-02-02,CLOSE,,1.0874648094177246,99546.8974113464,"{'direction': -1, 'confidence': np.float64(0.8), 'rationale': 'Momentum=-0.00301, BulkPressure=-0.00299, EntropyRegime=1.00, Neighbors=10', 'momentum': np.float64(-0.0030097885733693487), 'bulk_pressure': np.float64(-0.0029945525657180515), 'entropy_regime': np.float64(1.0042229351024166)}",707.2806358337402
2024-02-02,OPEN,SHORT,1.0874648094177246,99546.8974113464,"{'direction': -1, 'confidence': np.float64(0.8), 'rationale': 'Momentum=-0.00301, BulkPressure=-0.00299, EntropyRegime=1.00, Neighbors=10', 'momentum': np.float64(-0.0030097885733693487), 'bulk_pressure': np.float64(-0.0029945525657180515), 'entropy_regime': np.float64(1.0042229351024166)}",
2024-02-05,CLOSE,,1.0780043601989746,100492.9423332214,"{'direction': 1, 'confidence': np.float64(0.8), 'rationale': 'Momentum=0.00679, BulkPressure=0.00467, EntropyRegime=1.00, Neighbors=10', 'momentum': np.float64(0.006786378160091144), 'bulk_pressure': np.float64(0.004668243158808272), 'entropy_regime': np.float64(1.0011888346125712)}",946.044921875
2024-02-05,OPEN,LONG,1.0780043601989746,100492.9423332214,"{'direction': 1, 'confidence': np.float64(0.8), 'rationale': 'Momentum=0.00679, BulkPressure=0.00467, EntropyRegime=1.00, Neighbors=10', 'momentum': np.float64(0.006786378160091144), 'bulk_pressure': np.float64(0.004668243158808272), 'entropy_regime': np.float64(1.0011888346125712)}",
2024-02-06,CLOSE,,1.0741831064224243,100110.81695556638,"{'direction': -1, 'confidence': np.float64(0.8), 'rationale': 'Momentum=-0.00793, BulkPressure=-0.00063, EntropyRegime=1.00, Neighbors=10', 'momentum': np.float64(-0.00793493949610965), 'bulk_pressure': np.float64(-0.0006324448166682808), 'entropy_regime': np.float64(1.001644061671557)}",-382.1253776550293
2024-02-06,OPEN,SHORT,1.0741831064224243,100110.81695556638,"{'direction': -1, 'confidence': np.float64(0.8), 'rationale': 'Momentum=-0.00793, BulkPressure=-0.00063, EntropyRegime=1.00, Neighbors=10', 'momentum': np.float64(-0.00793493949610965), 'bulk_pressure': np.float64(-0.0006324448166682808), 'entropy_regime': np.float64(1.001644061671557)}",
2024-02-08,CLOSE,,1.077574610710144,99771.6665267944,"{'direction': 1, 'confidence': np.float64(0.8), 'rationale': 'Momentum=0.00232, BulkPressure=0.00477, EntropyRegime=0.99, Neighbors=10', 'momentum': np.float64(0.0023207489909374325), 'bulk_pressure': np.float64(0.004765106892230926), 'entropy_regime': np.float64(0.9948715470129896)}",-339.15042877197266
2024-02-08,OPEN,LONG,1.077574610710144,99771.6665267944,"{'direction': 1, 'confidence': np.float64(0.8), 'rationale': 'Momentum=0.00232, BulkPressure=0.00477, EntropyRegime=0.99, Neighbors=10', 'momentum': np.float64(0.0023207489909374325), 'bulk_pressure': np.float64(0.004765106892230926), 'entropy_regime': np.float64(0.9948715470129896)}",
2024-02-14,CLOSE,,1.070893168449402,99103.52230072021,"{'direction': 1, 'confidence': np.float64(0.2), 'rationale': 'Momentum=-0.00161, BulkPressure=0.01225, EntropyRegime=1.02, Neighbors=10', 'momentum': np.float64(-0.0016090203609836428), 'bulk_pressure': np.float64(0.012251164620192188), 'entropy_regime': np.float64(1.0170716110439602)}",-668.1442260741966
2024-02-16,OPEN,LONG,1.0773887634277344,99103.52230072021,"{'direction': 1, 'confidence': np.float64(0.8), 'rationale': 'Momentum=0.00287, BulkPressure=0.00025, EntropyRegime=1.01, Neighbors=10', 'momentum': np.float64(0.002873010157790534), 'bulk_pressure': np.float64(0.0002530794565498312), 'entropy_regime': np.float64(1.0137623059533025)}",
2024-02-22,CLOSE,,1.082040309906006,99568.67694854739,"{'direction': -1, 'confidence': np.float64(0.2), 'rationale': 'Momentum=0.00381, BulkPressure=-0.00095, EntropyRegime=1.02, Neighbors=10', 'momentum': np.float64(0.0038065327295232097), 'bulk_pressure': np.float64(-0.0009486179533363949), 'entropy_regime': np.float64(1.0204483541242064)}",465.15464782717066
2024-02-28,OPEN,LONG,1.084481120109558,99568.67694854739,"{'direction': 1, 'confidence': np.float64(0.8), 'rationale': 'Momentum=0.00281, BulkPressure=0.00489, EntropyRegime=1.03, Neighbors=10', 'momentum': np.float64(0.002813768767794572), 'bulk_pressure': np.float64(0.004886923553351094), 'entropy_regime': np.float64(1.025847676481654)}",
2024-02-29,CLOSE,,1.0838816165924072,99508.7265968323,"{'direction': 1, 'confidence': np.float64(0.2), 'rationale': 'Momentum=-0.00062, BulkPressure=0.01551, EntropyRegime=1.03, Neighbors=10', 'momentum': np.float64(-0.0006175146282979438), 'bulk_pressure': np.float64(0.015505922152243175), 'entropy_regime': np.float64(1.0283878504974584)}",-59.95035171508789
2024-03-01,OPEN,SHORT,1.0804970264434814,99508.7265968323,"{'direction': -1, 'confidence': np.float64(0.8), 'rationale': 'Momentum=-0.00054, BulkPressure=-0.00620, EntropyRegime=1.03, Neighbors=10', 'momentum': np.float64(-0.0005375553135008703), 'bulk_pressure': np.float64(-0.006204798359929671), 'entropy_regime': np.float64(1.0282567610484556)}",
2024-03-04,CLOSE,,1.084269404411316,99131.48880004886,"{'direction': 1, 'confidence': np.float64(0.2), 'rationale': 'Momentum=-0.00313, BulkPressure=0.00312, EntropyRegime=1.03, Neighbors=10', 'momentum': np.float64(-0.003133321962348767), 'bulk_pressure': np.float64(0.0031152910427726353), 'entropy_regime': np.float64(1.027855974780166)}",-377.23779678344727
2024-03-05,OPEN,LONG,1.0855170488357544,99131.48880004886,"{'direction': 1, 'confidence': np.float64(0.8), 'rationale': 'Momentum=0.00363, BulkPressure=0.02086, EntropyRegime=1.04, Neighbors=10', 'momentum': np.float64(0.0036334296540418975), 'bulk_pressure': np.float64(0.020857325581966724), 'entropy_regime': np.float64(1.0368993493934053)}",
2024-03-06,CLOSE,,1.0855995416641235,99139.73808288577,"{'direction': -1, 'confidence': np.float64(0.2), 'rationale': 'Momentum=0.00080, BulkPressure=-0.00344, EntropyRegime=1.03, Neighbors=10', 'momentum': np.float64(0.0008002602195254394), 'bulk_pressure': np.float64(-0.0034376747950092563), 'entropy_regime': np.float64(1.0341397318136232)}",8.249282836914062
2024-03-08,OPEN,LONG,1.0950144529342651,99139.73808288577,"{'direction': 1, 'confidence': np.float64(0.8), 'rationale': 'Momentum=0.00335, BulkPressure=0.00366, EntropyRegime=1.03, Neighbors=10', 'momentum': np.float64(0.00335054689444515), 'bulk_pressure': np.float64(0.003660144388474165), 'entropy_regime': np.float64(1.0294063326080907)}",
2024-03-12,CLOSE,,1.093135118484497,98951.80463790896,"{'direction': 1, 'confidence': np.float64(0.2), 'rationale': 'Momentum=-0.00142, BulkPressure=0.01389, EntropyRegime=1.02, Neighbors=10', 'momentum': np.float64(-0.001423146205343956), 'bulk_pressure': np.float64(0.013891221912862541), 'entropy_regime': np.float64(1.0221368592819944)}",-187.93344497680664
2024-03-13,OPEN,SHORT,1.0927767753601074,98951.80463790896,"{'direction': -1, 'confidence': np.float64(0.8), 'rationale': 'Momentum=-0.00168, BulkPressure=-0.01205, EntropyRegime=1.02, Neighbors=10', 'momentum': np.float64(-0.0016767680706422593), 'bulk_pressure': np.float64(-0.012049195311023986), 'entropy_regime': np.float64(1.0155830979211762)}",
2024-03-14,CLOSE,,1.0955302715301514,98676.45502090457,"{'direction': 1, 'confidence': np.float64(0.2), 'rationale': 'Momentum=-0.00105, BulkPressure=0.00399, EntropyRegime=1.01, Neighbors=10', 'momentum': np.float64(-0.0010479035937085268), 'bulk_pressure': np.float64(0.003994482043334318), 'entropy_regime': np.float64(1.014773095828936)}",-275.34961700439453
2024-03-15,OPEN,LONG,1.0883406400680542,98676.45502090457,"{'direction': 1, 'confidence': np.float64(0.8), 'rationale': 'Momentum=0.00138, BulkPressure=0.00147, EntropyRegime=1.02, Neighbors=10', 'momentum': np.float64(0.001379686642608624), 'bulk_pressure': np.float64(0.0014665048506116874), 'entropy_regime': np.float64(1.015392205951662)}",
2024-03-18,CLOSE,,1.0882576704025269,98668.15805435184,"{'direction': -1, 'confidence': np.float64(0.8), 'rationale': 'Momentum=-0.00727, BulkPressure=-0.00788, EntropyRegime=1.01, Neighbors=10', 'momentum': np.float64(-0.007266202712054581), 'bulk_pressure': np.float64(-0.007880133279648953), 'entropy_regime': np.float64(1.0125510072525306)}",-8.296966552734375
2024-03-18,OPEN,SHORT,1.0882576704025269,98668.15805435184,"{'direction': -1, 'confidence': np.float64(0.8), 'rationale': 'Momentum=-0.00727, BulkPressure=-0.00788, EntropyRegime=1.01, Neighbors=10', 'momentum': np.float64(-0.007266202712054581), 'bulk_pressure': np.float64(-0.007880133279648953), 'entropy_regime': np.float64(1.0125510072525306)}",
2024-03-21,CLOSE,,1.0937210321426392,98121.8218803406,"{'direction': 1, 'confidence': np.float64(0.2), 'rationale': 'Momentum=-0.00121, BulkPressure=0.01700, EntropyRegime=1.00, Neighbors=10', 'momentum': np.float64(-0.0012122511550902658), 'bulk_pressure': np.float64(0.016999100013939866), 'entropy_regime': np.float64(1.0038156732260952)}",-546.3361740112305
2024-03-25,OPEN,SHORT,1.0807539224624634,98121.8218803406,"{'direction': -1, 'confidence': np.float64(0.8), 'rationale': 'Momentum=-0.00702, BulkPressure=-0.00917, EntropyRegime=1.00, Neighbors=10', 'momentum': np.float64(-0.007017977849619955), 'bulk_pressure': np.float64(-0.009165485373781116), 'entropy_regime': np.float64(1.0045403151798302)}",
2024-03-26,CLOSE,,1.0838228464126587,97814.92948532107,"{'direction': 1, 'confidence': np.float64(0.2), 'rationale': 'Momentum=-0.00500, BulkPressure=0.01848, EntropyRegime=1.00, Neighbors=10', 'momentum': np.float64(-0.004995249293864657), 'bulk_pressure': np.float64(0.01848175746793666), 'entropy_regime': np.float64(1.00096093766662)}",-306.89239501953125
2024-03-27,OPEN,LONG,1.0832358598709106,97814.92948532107,"{'direction': 1, 'confidence': np.float64(0.8), 'rationale': 'Momentum=0.00289, BulkPressure=0.00010, EntropyRegime=1.00, Neighbors=10', 'momentum': np.float64(0.002892151624095263), 'bulk_pressure': np.float64(0.00010438519702534653), 'entropy_regime': np.float64(1.0024356857770278)}",
2024-03-28,CLOSE,,1.0813382863998413,97625.17213821414,"{'direction': -1, 'confidence': np.float64(0.8), 'rationale': 'Momentum=-0.00049, BulkPressure=-0.00584, EntropyRegime=1.00, Neighbors=10', 'momentum': np.float64(-0.0004901677161143258), 'bulk_pressure': np.float64(-0.005843350864520021), 'entropy_regime': np.float64(1.0034107900659999)}",-189.7573471069336
2024-03-28,OPEN,SHORT,1.0813382863998413,97625.17213821414,"{'direction': -1, 'confidence': np.float64(0.8), 'rationale': 'Momentum=-0.00049, BulkPressure=-0.00584, EntropyRegime=1.00, Neighbors=10', 'momentum': np.float64(-0.0004901677161143258), 'bulk_pressure': np.float64(-0.005843350864520021), 'entropy_regime': np.float64(1.0034107900659999)}",
2024-04-01,CLOSE,,1.0792726278305054,97831.73799514773,"{'direction': 1, 'confidence': np.float64(0.2), 'rationale': 'Momentum=-0.00164, BulkPressure=0.00631, EntropyRegime=1.02, Neighbors=10', 'momentum': np.float64(-0.0016403945172335454), 'bulk_pressure': np.float64(0.006310863440774118), 'entropy_regime': np.float64(1.0191055664295434)}",206.56585693359375
2024-04-03,OPEN,SHORT,1.076855182647705,97831.73799514773,"{'direction': -1, 'confidence': np.float64(0.8), 'rationale': 'Momentum=-0.00466, BulkPressure=-0.00534, EntropyRegime=1.00, Neighbors=10', 'momentum': np.float64(-0.004660675479726917), 'bulk_pressure': np.float64(-0.00534191290606272), 'entropy_regime': np.float64(1.0003834361552009)}",
2024-04-04,CLOSE,,1.0838346481323242,97133.79144668582,"{'direction': 1, 'confidence': np.float64(0.8), 'rationale': 'Momentum=0.00331, BulkPressure=0.00187, EntropyRegime=1.01, Neighbors=10', 'momentum': np.float64(0.0033123706607028126), 'bulk_pressure': np.float64(0.00186620362793452), 'entropy_regime': np.float64(1.0073900324831448)}",-697.9465484619141
2024-04-04,OPEN,LONG,1.0838346481323242,97133.79144668582,"{'direction': 1, 'confidence': np.float64(0.8), 'rationale': 'Momentum=0.00331, BulkPressure=0.00187, EntropyRegime=1.01, Neighbors=10', 'momentum': np.float64(0.0033123706607028126), 'bulk_pressure': np.float64(0.00186620362793452), 'entropy_regime': np.float64(1.0073900324831448)}",
2024-04-09,CLOSE,,1.0863661766052246,97386.94429397586,"{'direction': 1, 'confidence': np.float64(0.2), 'rationale': 'Momentum=-0.00006, BulkPressure=0.01354, EntropyRegime=1.02, Neighbors=10', 'momentum': np.float64(-6.3736092448613e-05), 'bulk_pressure': np.float64(0.013537115420329216), 'entropy_regime': np.float64(1.0177237867476363)}",253.15284729003906
2024-04-12,OPEN,SHORT,1.0726851224899292,97386.94429397586,"{'direction': -1, 'confidence': np.float64(0.8), 'rationale': 'Momentum=-0.00998, BulkPressure=-0.00637, EntropyRegime=1.01, Neighbors=10', 'momentum': np.float64(-0.00997880395550107), 'bulk_pressure': np.float64(-0.006371353725103942), 'entropy_regime': np.float64(1.0147075244404393)}",
2024-04-15,CLOSE,,1.0649627447128296,98159.18207168582,"{'direction': 1, 'confidence': np.float64(0.2), 'rationale': 'Momentum=-0.00034, BulkPressure=0.00113, EntropyRegime=1.02, Neighbors=10', 'momentum': np.float64(-0.00033974060966969195), 'bulk_pressure': np.float64(0.0011287839105632153), 'entropy_regime': np.float64(1.0196168532161285)}",772.2377777099609
2024-04-17,OPEN,SHORT,1.0621461868286133,98159.18207168582,"{'direction': -1, 'confidence': np.float64(0.8), 'rationale': 'Momentum=-0.00106, BulkPressure=-0.00248, EntropyRegime=1.01, Neighbors=10', 'momentum': np.float64(-0.0010579514772458998), 'bulk_pressure': np.float64(-0.0024833901859821644), 'entropy_regime': np.float64(1.0129259177492707)}",
2024-04-18,CLOSE,,1.0669398307800293,97679.81767654422,"{'direction': -1, 'confidence': np.float64(0.2), 'rationale': 'Momentum=0.00076, BulkPressure=-0.01137, EntropyRegime=1.02, Neighbors=10', 'momentum': np.float64(0.0007611033614973784), 'bulk_pressure': np.float64(-0.011365953678629038), 'entropy_regime': np.float64(1.0196338244233443)}",-479.36439514160156
2024-04-19,OPEN,LONG,1.0644185543060305,97679.81767654422,"{'direction': 1, 'confidence': np.float64(0.8), 'rationale': 'Momentum=0.00540, BulkPressure=0.00710, EntropyRegime=1.02, Neighbors=10', 'momentum': np.float64(0.005403268007250927), 'bulk_pressure': np.float64(0.007102663191159282), 'entropy_regime': np.float64(1.0213034347123329)}",
2024-04-22,CLOSE,,1.065825343132019,97820.49655914307,"{'direction': 1, 'confidence': np.float64(0.2), 'rationale': 'Momentum=-0.00101, BulkPressure=0.00283, EntropyRegime=1.02, Neighbors=10', 'momentum': np.float64(-0.0010146833906964747), 'bulk_pressure': np.float64(0.002834881108689377), 'entropy_regime': np.float64(1.0245981679405787)}",140.67888259885476
2024-05-02,OPEN,SHORT,1.0721560716629028,97820.49655914307,"{'direction': -1, 'confidence': np.float64(0.8), 'rationale': 'Momentum=-0.00412, BulkPressure=-0.00926, EntropyRegime=1.01, Neighbors=10', 'momentum': np.float64(-0.004118591033053093), 'bulk_pressure': np.float64(-0.009260130385534658), 'entropy_regime': np.float64(1.0058934177993704)}",
2024-05-03,CLOSE,,1.073306918144226,97705.41191101074,"{'direction': -1, 'confidence': np.float64(0.2), 'rationale': 'Momentum=0.00569, BulkPressure=-0.00235, EntropyRegime=1.01, Neighbors=10', 'momentum': np.float64(0.005691287525320327), 'bulk_pressure': np.float64(-0.00234830659718933), 'entropy_regime': np.float64(1.007302284221916)}",-115.08464813232422
2024-05-06,OPEN,LONG,1.0758124589920044,97705.41191101074,"{'direction': 1, 'confidence': np.float64(0.8), 'rationale': 'Momentum=0.00155, BulkPressure=0.00125, EntropyRegime=1.01, Neighbors=10', 'momentum': np.float64(0.0015480020454290643), 'bulk_pressure': np.float64(0.001252318656233583), 'entropy_regime': np.float64(1.0077429744365076)}",
2024-05-08,CLOSE,,1.0750491619110107,97629.08220291138,"{'direction': -1, 'confidence': np.float64(0.2), 'rationale': 'Momentum=0.00131, BulkPressure=-0.00529, EntropyRegime=1.01, Neighbors=10', 'momentum': np.float64(0.001309307424666417), 'bulk_pressure': np.float64(-0.005286250448038963), 'entropy_regime': np.float64(1.00739580701192)}",-76.32970809936523
2024-05-09,OPEN,SHORT,1.0746910572052002,97629.08220291138,"{'direction': -1, 'confidence': np.float64(0.8), 'rationale': 'Momentum=-0.00108, BulkPressure=-0.00444, EntropyRegime=1.01, Neighbors=10', 'momentum': np.float64(-0.001084247834960661), 'bulk_pressure': np.float64(-0.004437395817741821), 'entropy_regime': np.float64(1.007159664651275)}",
2024-05-10,CLOSE,,1.078515887260437,97246.5991973877,"{'direction': 1, 'confidence': np.float64(0.2), 'rationale': 'Momentum=-0.00036, BulkPressure=0.00368, EntropyRegime=1.01, Neighbors=10', 'momentum': np.float64(-0.00036177766719819315), 'bulk_pressure': np.float64(0.003679506830719104), 'entropy_regime': np.float64(1.0077215427334583)}",-382.48300552368164
2024-05-16,OPEN,LONG,1.0889805555343628,97246.5991973877,"{'direction': 1, 'confidence': np.float64(0.8), 'rationale': 'Momentum=0.00104, BulkPressure=0.00802, EntropyRegime=1.01, Neighbors=10', 'momentum': np.float64(0.0010422044693193578), 'bulk_pressure': np.float64(0.008018553462373778), 'entropy_regime': np.float64(1.0118362493170605)}",
2024-05-17,CLOSE,,1.0867793560028076,97026.47924423218,"{'direction': -1, 'confidence': np.float64(0.2), 'rationale': 'Momentum=0.00593, BulkPressure=-0.00455, EntropyRegime=1.01, Neighbors=10', 'momentum': np.float64(0.005931860767938418), 'bulk_pressure': np.float64(-0.004546576612807246), 'entropy_regime': np.float64(1.0109771892194739)}",-220.11995315551758
2024-05-22,OPEN,SHORT,1.0855170488357544,97026.47924423218,"{'direction': -1, 'confidence': np.float64(0.8), 'rationale': 'Momentum=-0.00231, BulkPressure=-0.00214, EntropyRegime=1.01, Neighbors=10', 'momentum': np.float64(-0.0023120806257532654), 'bulk_pressure': np.float64(-0.002144660179382807), 'entropy_regime': np.float64(1.0111553801827005)}",
2024-05-24,CLOSE,,1.0812681913375854,97451.36499404907,"{'direction': 1, 'confidence': np.float64(0.2), 'rationale': 'Momentum=-0.00335, BulkPressure=0.00069, EntropyRegime=1.01, Neighbors=10', 'momentum': np.float64(-0.003346629854856459), 'bulk_pressure': np.float64(0.0006937848801224846), 'entropy_regime': np.float64(1.0132341507058593)}",424.88574981689453
2024-05-28,OPEN,SHORT,1.0861891508102417,97451.36499404907,"{'direction': -1, 'confidence': np.float64(0.8), 'rationale': 'Momentum=-0.00155, BulkPressure=-0.00625, EntropyRegime=1.01, Neighbors=10', 'momentum': np.float64(-0.001546172221401243), 'bulk_pressure': np.float64(-0.006251953606515739), 'entropy_regime': np.float64(1.0139305282676627)}",
2024-05-29,CLOSE,,1.0851871967315674,97551.5604019165,"{'direction': 1, 'confidence': np.float64(0.8), 'rationale': 'Momentum=0.00383, BulkPressure=0.01388, EntropyRegime=1.01, Neighbors=10', 'momentum': np.float64(0.003828200495462736), 'bulk_pressure': np.float64(0.013884700160405541), 'entropy_regime': np.float64(1.0100555364165305)}",100.19540786743164
2024-05-29,OPEN,LONG,1.0851871967315674,97551.5604019165,"{'direction': 1, 'confidence': np.float64(0.8), 'rationale': 'Momentum=0.00383, BulkPressure=0.01388, EntropyRegime=1.01, Neighbors=10', 'momentum': np.float64(0.003828200495462736), 'bulk_pressure': np.float64(0.013884700160405541), 'entropy_regime': np.float64(1.0100555364165305)}",
2024-05-30,CLOSE,,1.0801819562911987,97051.03635787964,"{'direction': 1, 'confidence': np.float64(0.2), 'rationale': 'Momentum=-0.00156, BulkPressure=0.00824, EntropyRegime=1.01, Neighbors=10', 'momentum': np.float64(-0.001557969158770267), 'bulk_pressure': np.float64(0.008244823684645552), 'entropy_regime': np.float64(1.013595182668373)}",-500.52404403686523
2024-05-31,OPEN,SHORT,1.0835410356521606,97051.03635787964,"{'direction': -1, 'confidence': np.float64(0.8), 'rationale': 'Momentum=-0.00525, BulkPressure=-0.00004, EntropyRegime=1.01, Neighbors=10', 'momentum': np.float64(-0.005246563531176062), 'bulk_pressure': np.float64(-4.2480188551528476e-05), 'entropy_regime': np.float64(1.0137711884562257)}",
2024-06-03,CLOSE,,1.0853049755096436,96874.64237213135,"{'direction': -1, 'confidence': np.float64(0.2), 'rationale': 'Momentum=0.00258, BulkPressure=-0.01266, EntropyRegime=1.01, Neighbors=10', 'momentum': np.float64(0.002577865980926486), 'bulk_pressure': np.float64(-0.012657077627624653), 'entropy_regime': np.float64(1.0067140134975816)}",-176.39398574829102
2024-06-04,OPEN,LONG,1.0907385349273682,96874.64237213135,"{'direction': 1, 'confidence': np.float64(0.8), 'rationale': 'Momentum=0.00107, BulkPressure=0.00250, EntropyRegime=1.01, Neighbors=10', 'momentum': np.float64(0.0010683440188065997), 'bulk_pressure': np.float64(0.002503872192202943), 'entropy_regime': np.float64(1.0068722881496568)}",
2024-06-06,CLOSE,,1.087453007698059,96546.08964920044,"{'direction': -1, 'confidence': np.float64(0.8), 'rationale': 'Momentum=-0.00287, BulkPressure=-0.00206, EntropyRegime=1.01, Neighbors=10', 'momentum': np.float64(-0.002872229402513987), 'bulk_pressure': np.float64(-0.002057792702551956), 'entropy_regime': np.float64(1.0072796751994795)}",-328.5527229309082
2024-06-06,OPEN,SHORT,1.087453007698059,96546.08964920044,"{'direction': -1, 'confidence': np.float64(0.8), 'rationale': 'Momentum=-0.00287, BulkPressure=-0.00206, EntropyRegime=1.01, Neighbors=10', 'momentum': np.float64(-0.002872229402513987), 'bulk_pressure': np.float64(-0.002057792702551956), 'entropy_regime': np.float64(1.0072796751994795)}",
2024-06-10,CLOSE,,1.077888250350952,97502.56538391116,"{'direction': -1, 'confidence': np.float64(0.2), 'rationale': 'Momentum=0.00114, BulkPressure=-0.00678, EntropyRegime=1.01, Neighbors=10', 'momentum': np.float64(0.0011440676840076159), 'bulk_pressure': np.float64(-0.006783624428246078), 'entropy_regime': np.float64(1.0095677340325764)}",956.4757347107155
2024-06-12,OPEN,SHORT,1.07403302192688,97502.56538391116,"{'direction': -1, 'confidence': np.float64(0.8), 'rationale': 'Momentum=-0.00133, BulkPressure=-0.00676, EntropyRegime=1.01, Neighbors=10', 'momentum': np.float64(-0.0013347283195508097), 'bulk_pressure': np.float64(-0.006755461439759095), 'entropy_regime': np.float64(1.0081352447084158)}",
2024-06-14,CLOSE,,1.0738831758499146,97517.54999160772,"{'direction': -1, 'confidence': np.float64(0.2), 'rationale': 'Momentum=0.00678, BulkPressure=-0.00693, EntropyRegime=1.01, Neighbors=10', 'momentum': np.float64(0.006778468628495132), 'bulk_pressure': np.float64(-0.006930506241684784), 'entropy_regime': np.float64(1.0083872693273648)}",14.984607696555408
2024-06-21,OPEN,LONG,1.0706409215927124,97517.54999160772,"{'direction': 1, 'confidence': np.float64(0.8), 'rationale': 'Momentum=0.00151, BulkPressure=0.01118, EntropyRegime=1.01, Neighbors=10', 'momentum': np.float64(0.0015079428203034595), 'bulk_pressure': np.float64(0.011181742028225325), 'entropy_regime': np.float64(1.006370927643964)}",
2024-06-24,CLOSE,,1.0687757730484009,97331.03513717657,"{'direction': -1, 'confidence': np.float64(0.8), 'rationale': 'Momentum=-0.00352, BulkPressure=-0.00388, EntropyRegime=1.01, Neighbors=10', 'momentum': np.float64(-0.0035158257363752665), 'bulk_pressure': np.float64(-0.0038848242951766655), 'entropy_regime': np.float64(1.0061812753549304)}",-186.51485443115234
2024-06-24,OPEN,SHORT,1.0687757730484009,97331.03513717657,"{'direction': -1, 'confidence': np.float64(0.8), 'rationale': 'Momentum=-0.00352, BulkPressure=-0.00388, EntropyRegime=1.01, Neighbors=10', 'momentum': np.float64(-0.0035158257363752665), 'bulk_pressure': np.float64(-0.0038848242951766655), 'entropy_regime': np.float64(1.0061812753549304)}",
2024-06-26,CLOSE,,1.0709619522094729,97112.41722106937,"{'direction': -1, 'confidence': np.float64(0.2), 'rationale': 'Momentum=0.00457, BulkPressure=-0.00059, EntropyRegime=1.01, Neighbors=10', 'momentum': np.float64(0.004569170378599286), 'bulk_pressure': np.float64(-0.0005880200328230201), 'entropy_regime': np.float64(1.0124501180026437)}",-218.61791610719993
2024-06-27,OPEN,SHORT,1.068010926246643,97112.41722106937,"{'direction': -1, 'confidence': np.float64(0.8), 'rationale': 'Momentum=-0.00146, BulkPressure=-0.00359, EntropyRegime=1.01, Neighbors=10', 'momentum': np.float64(-0.0014555254896578662), 'bulk_pressure': np.float64(-0.0035860939018159104), 'entropy_regime': np.float64(1.0121581698756679)}",
2024-06-28,CLOSE,,1.0708472728729248,96828.78255844119,"{'direction': 1, 'confidence': np.float64(0.2), 'rationale': 'Momentum=-0.00197, BulkPressure=0.00151, EntropyRegime=1.01, Neighbors=10', 'momentum': np.float64(-0.001966699875212774), 'bulk_pressure': np.float64(0.0015085670323628623), 'entropy_regime': np.float64(1.0119002743749554)}",-283.6346626281738
2024-07-02,OPEN,LONG,1.0737102031707764,96828.78255844119,"{'direction': 1, 'confidence': np.float64(0.8), 'rationale': 'Momentum=0.00296, BulkPressure=0.00762, EntropyRegime=1.01, Neighbors=10', 'momentum': np.float64(0.0029571128275377055), 'bulk_pressure': np.float64(0.0076164728197750135), 'entropy_regime': np.float64(1.0072890567666046)}",
2024-07-03,CLOSE,,1.0748412609100342,96941.88833236697,"{'direction': -1, 'confidence': np.float64(0.2), 'rationale': 'Momentum=0.00070, BulkPressure=-0.00340, EntropyRegime=1.01, Neighbors=10', 'momentum': np.float64(0.0007004035638984274), 'bulk_pressure': np.float64(-0.003401441689357135), 'entropy_regime': np.float64(1.0066116464136596)}",113.10577392578125
2024-07-10,OPEN,LONG,1.0814785957336426,96941.88833236697,"{'direction': 1, 'confidence': np.float64(0.8), 'rationale': 'Momentum=0.00074, BulkPressure=0.00565, EntropyRegime=1.00, Neighbors=10', 'momentum': np.float64(0.0007385888582443767), 'bulk_pressure': np.float64(0.0056522372898107015), 'entropy_regime': np.float64(1.0038662038727062)}",
2024-07-11,CLOSE,,1.083329677581787,97126.99651718143,"{'direction': 1, 'confidence': np.float64(0.2), 'rationale': 'Momentum=-0.00166, BulkPressure=0.00462, EntropyRegime=1.01, Neighbors=10', 'momentum': np.float64(-0.0016644439191815074), 'bulk_pressure': np.float64(0.004617568352520532), 'entropy_regime': np.float64(1.0071231407321233)}",185.10818481445312
2024-07-16,OPEN,LONG,1.0901559591293335,97126.99651718143,"{'direction': 1, 'confidence': np.float64(0.8), 'rationale': 'Momentum=0.00084, BulkPressure=0.02714, EntropyRegime=1.01, Neighbors=10', 'momentum': np.float64(0.0008372200980735767), 'bulk_pressure': np.float64(0.027137752887374862), 'entropy_regime': np.float64(1.005277170727947)}",
2024-07-18,CLOSE,,1.094020128250122,97513.41342926028,"{'direction': 1, 'confidence': np.float64(0.2), 'rationale': 'Momentum=-0.00084, BulkPressure=0.00499, EntropyRegime=1.01, Neighbors=10', 'momentum': np.float64(-0.0008435909050112988), 'bulk_pressure': np.float64(0.0049851715401936), 'entropy_regime': np.float64(1.0059155842240048)}",386.4169120788574
2024-07-19,OPEN,LONG,1.0901559591293335,97513.41342926028,"{'direction': 1, 'confidence': np.float64(0.8), 'rationale': 'Momentum=0.00253, BulkPressure=0.01032, EntropyRegime=1.01, Neighbors=10', 'momentum': np.float64(0.0025334558044011355), 'bulk_pressure': np.float64(0.010320902011992044), 'entropy_regime': np.float64(1.0144291937067345)}",
2024-07-22,CLOSE,,1.0899182558059692,97489.64309692386,"{'direction': 1, 'confidence': np.float64(0.2), 'rationale': 'Momentum=-0.00423, BulkPressure=0.00744, EntropyRegime=1.01, Neighbors=10', 'momentum': np.float64(-0.004228637585150158), 'bulk_pressure': np.float64(0.007438075894334168), 'entropy_regime': np.float64(1.0094778260783714)}",-23.77033233642578
2024-07-23,OPEN,SHORT,1.0889805555343628,97489.64309692386,"{'direction': -1, 'confidence': np.float64(0.8), 'rationale': 'Momentum=-0.00111, BulkPressure=-0.00917, EntropyRegime=1.01, Neighbors=10', 'momentum': np.float64(-0.0011135432507357157), 'bulk_pressure': np.float64(-0.009165888988642273), 'entropy_regime': np.float64(1.0081684198904606)}",
2024-07-25,CLOSE,,1.0839520692825315,97992.49172210699,"{'direction': 1, 'confidence': np.float64(0.2), 'rationale': 'Momentum=-0.00414, BulkPressure=0.01354, EntropyRegime=1.01, Neighbors=10', 'momentum': np.float64(-0.004141205082313687), 'bulk_pressure': np.float64(0.013543095678681411), 'entropy_regime': np.float64(1.0063194929545947)}",502.8486251831277
2024-07-26,OPEN,SHORT,1.0851283073425293,97992.49172210699,"{'direction': -1, 'confidence': np.float64(0.8), 'rationale': 'Momentum=-0.00164, BulkPressure=-0.00714, EntropyRegime=1.01, Neighbors=10', 'momentum': np.float64(-0.001635540744590136), 'bulk_pressure': np.float64(-0.007141204144436886), 'entropy_regime': np.float64(1.011971263506731)}",
2024-07-29,CLOSE,,1.0853756666183472,97967.7557945252,"{'direction': -1, 'confidence': np.float64(0.2), 'rationale': 'Momentum=0.00029, BulkPressure=-0.00491, EntropyRegime=1.01, Neighbors=10', 'momentum': np.float64(0.00028731478859904684), 'bulk_pressure': np.float64(-0.004910704601225202), 'entropy_regime': np.float64(1.0115751725950424)}",-24.73592758178711
2024-08-01,OPEN,SHORT,1.082391619682312,97967.7557945252,"{'direction': -1, 'confidence': np.float64(0.8), 'rationale': 'Momentum=-0.00068, BulkPressure=-0.00978, EntropyRegime=1.01, Neighbors=10', 'momentum': np.float64(-0.0006828135739872677), 'bulk_pressure': np.float64(-0.00978092553716536), 'entropy_regime': np.float64(1.0120957199167304)}",
2024-08-02,CLOSE,,1.078760266304016,98330.89113235482,"{'direction': 1, 'confidence': np.float64(0.8), 'rationale': 'Momentum=0.00037, BulkPressure=0.00720, EntropyRegime=1.02, Neighbors=10', 'momentum': np.float64(0.0003724941745206933), 'bulk_pressure': np.float64(0.007204878368537355), 'entropy_regime': np.float64(1.0202682133289513)}",363.13533782961207
2024-08-02,OPEN,LONG,1.078760266304016,98330.89113235482,"{'direction': 1, 'confidence': np.float64(0.8), 'rationale': 'Momentum=0.00037, BulkPressure=0.00720, EntropyRegime=1.02, Neighbors=10', 'momentum': np.float64(0.0003724941745206933), 'bulk_pressure': np.float64(0.007204878368537355), 'entropy_regime': np.float64(1.0202682133289513)}",
2024-08-05,CLOSE,,1.0910836458206177,99563.22908401501,"{'direction': 1, 'confidence': np.float64(0.2), 'rationale': 'Momentum=-0.00325, BulkPressure=0.00476, EntropyRegime=1.02, Neighbors=10', 'momentum': np.float64(-0.0032501869813599538), 'bulk_pressure': np.float64(0.0047631796289396055), 'entropy_regime': np.float64(1.018714559292428)}",1232.3379516601785
2024-08-06,OPEN,LONG,1.0950982570648191,99563.22908401501,"{'direction': 1, 'confidence': np.float64(0.8), 'rationale': 'Momentum=0.01103, BulkPressure=0.01503, EntropyRegime=1.03, Neighbors=10', 'momentum': np.float64(0.011028129705601335), 'bulk_pressure': np.float64(0.015027162508674056), 'entropy_regime': np.float64(1.0270738992655521)}",
2024-08-07,CLOSE,,1.0926215648651123,99315.55986404433,"{'direction': -1, 'confidence': np.float64(0.2), 'rationale': 'Momentum=0.00312, BulkPressure=-0.01124, EntropyRegime=1.02, Neighbors=10', 'momentum': np.float64(0.003122721839892556), 'bulk_pressure': np.float64(-0.011237640169361829), 'entropy_regime': np.float64(1.0172260071727721)}",-247.66921997068093
2024-08-08,OPEN,SHORT,1.0928125381469729,99315.55986404433,"{'direction': -1, 'confidence': np.float64(0.8), 'rationale': 'Momentum=-0.00278, BulkPressure=-0.00513, EntropyRegime=1.02, Neighbors=10', 'momentum': np.float64(-0.002779908406329751), 'bulk_pressure': np.float64(-0.005127893598606773), 'entropy_regime': np.float64(1.0232109287269064)}",
2024-08-09,CLOSE,,1.0915720462799072,99439.6090507509,"{'direction': 1, 'confidence': np.float64(0.2), 'rationale': 'Momentum=-0.00027, BulkPressure=0.01657, EntropyRegime=1.02, Neighbors=10', 'momentum': np.float64(-0.000266665671948213), 'bulk_pressure': np.float64(0.01657394617058861), 'entropy_regime': np.float64(1.0179743160407075)}",124.04918670656517
2024-08-12,OPEN,SHORT,1.091381311416626,99439.6090507509,"{'direction': -1, 'confidence': np.float64(0.8), 'rationale': 'Momentum=-0.00134, BulkPressure=-0.01195, EntropyRegime=1.02, Neighbors=10', 'momentum': np.float64(-0.0013377089927077313), 'bulk_pressure': np.float64(-0.011946079831984169), 'entropy_regime': np.float64(1.0160764752722216)}",
2024-08-13,CLOSE,,1.0936251878738403,99215.22140502947,"{'direction': 1, 'confidence': np.float64(0.2), 'rationale': 'Momentum=-0.00031, BulkPressure=0.00240, EntropyRegime=1.01, Neighbors=10', 'momentum': np.float64(-0.00030978578532297465), 'bulk_pressure': np.float64(0.0023974463152220227), 'entropy_regime': np.float64(1.014596186810629)}",-224.38764572143555
2024-08-20,OPEN,LONG,1.1086474657058716,99215.22140502947,"{'direction': 1, 'confidence': np.float64(0.8), 'rationale': 'Momentum=0.00418, BulkPressure=0.00233, EntropyRegime=1.01, Neighbors=10', 'momentum': np.float64(0.004182469735850769), 'bulk_pressure': np.float64(0.0023271795223071042), 'entropy_regime': np.float64(1.0121247584603867)}",
2024-08-26,CLOSE,,1.118793487548828,100229.8235893251,"{'direction': 1, 'confidence': np.float64(0.2), 'rationale': 'Momentum=-0.00464, BulkPressure=0.00538, EntropyRegime=1.01, Neighbors=10', 'momentum': np.float64(-0.0046421284206979605), 'bulk_pressure': np.float64(0.0053811692689070545), 'entropy_regime': np.float64(1.0115244184718848)}",1014.6021842956321
2024-08-28,OPEN,SHORT,1.117793083190918,100229.8235893251,"{'direction': -1, 'confidence': np.float64(0.8), 'rationale': 'Momentum=-0.00366, BulkPressure=-0.01441, EntropyRegime=1.01, Neighbors=10', 'momentum': np.float64(-0.003655752817356306), 'bulk_pressure': np.float64(-0.014407111400869274), 'entropy_regime': np.float64(1.0112221011506684)}",
2024-08-29,CLOSE,,1.1124955415725708,100759.57775115981,"{'direction': 1, 'confidence': np.float64(0.2), 'rationale': 'Momentum=-0.00047, BulkPressure=0.00750, EntropyRegime=1.01, Neighbors=10', 'momentum': np.float64(-0.00046902292518786744), 'bulk_pressure': np.float64(0.007501961723218698), 'entropy_regime': np.float64(1.0118557919989053)}",529.7541618347168
2024-08-30,OPEN,SHORT,1.10804545879364,100759.57775115981,"{'direction': -1, 'confidence': np.float64(0.8), 'rationale': 'Momentum=-0.00612, BulkPressure=-0.00341, EntropyRegime=1.01, Neighbors=10', 'momentum': np.float64(-0.00612005534321608), 'bulk_pressure': np.float64(-0.0034104791609320235), 'entropy_regime': np.float64(1.0132812991701208)}",
2024-09-04,CLOSE,,1.1048868894577026,101075.43468475353,"{'direction': 1, 'confidence': np.float64(0.2), 'rationale': 'Momentum=-0.00189, BulkPressure=0.01979, EntropyRegime=1.01, Neighbors=10', 'momentum': np.float64(-0.0018917821629880816), 'bulk_pressure': np.float64(0.019786127017161877), 'entropy_regime': np.float64(1.0138326954826473)}",315.8569335937278
2024-09-05,OPEN,SHORT,1.10804545879364,101075.43468475353,"{'direction': -1, 'confidence': np.float64(0.8), 'rationale': 'Momentum=-0.00213, BulkPressure=-0.00007, EntropyRegime=1.01, Neighbors=10', 'momentum': np.float64(-0.0021301662272624256), 'bulk_pressure': np.float64(-7.232705983758785e-05), 'entropy_regime': np.float64(1.0094045085982282)}",
2024-09-06,CLOSE,,1.1111111640930176,100768.86415481576,"{'direction': -1, 'confidence': np.float64(0.2), 'rationale': 'Momentum=0.00215, BulkPressure=-0.01257, EntropyRegime=1.01, Neighbors=10', 'momentum': np.float64(0.002151981609811304), 'bulk_pressure': np.float64(-0.012569123060727787), 'entropy_regime': np.float64(1.0105722824146028)}",-306.57052993776637
2024-09-12,OPEN,SHORT,1.1010911464691162,100768.86415481576,"{'direction': -1, 'confidence': np.float64(0.8), 'rationale': 'Momentum=-0.00189, BulkPressure=-0.00688, EntropyRegime=1.01, Neighbors=10', 'momentum': np.float64(-0.001891356871011568), 'bulk_pressure': np.float64(-0.006879439122493597), 'entropy_regime': np.float64(1.0066566545782085)}",
2024-09-13,CLOSE,,1.1077877283096311,100099.20597076428,"{'direction': 1, 'confidence': np.float64(0.2), 'rationale': 'Momentum=-0.00098, BulkPressure=0.00247, EntropyRegime=1.01, Neighbors=10', 'momentum': np.float64(-0.0009830041610955243), 'bulk_pressure': np.float64(0.0024670194387030565), 'entropy_regime': np.float64(1.0063923912160841)}",-669.6581840514915
2024-09-16,OPEN,LONG,1.1088441610336304,100099.20597076428,"{'direction': 1, 'confidence': np.float64(0.8), 'rationale': 'Momentum=0.00578, BulkPressure=0.00605, EntropyRegime=1.00, Neighbors=10', 'momentum': np.float64(0.005782357727004151), 'bulk_pressure': np.float64(0.006050597172936925), 'entropy_regime': np.float64(1.001666432259783)}",
2024-09-17,CLOSE,,1.1129536628723145,100510.15615463268,"{'direction': -1, 'confidence': np.float64(0.2), 'rationale': 'Momentum=0.00042, BulkPressure=-0.00741, EntropyRegime=1.00, Neighbors=10', 'momentum': np.float64(0.0004227536409021626), 'bulk_pressure': np.float64(-0.007411630718618806), 'entropy_regime': np.float64(1.0021336338711784)}",410.9501838684082
2024-09-18,OPEN,LONG,1.1123099327087402,100510.15615463268,"{'direction': 1, 'confidence': np.float64(0.8), 'rationale': 'Momentum=0.00323, BulkPressure=0.00870, EntropyRegime=1.00, Neighbors=10', 'momentum': np.float64(0.003228061149395256), 'bulk_pressure': np.float64(0.008696322587482729), 'entropy_regime': np.float64(1.0016897733215342)}",
2024-09-19,CLOSE,,1.1114816665649414,100427.3295402528,"{'direction': 1, 'confidence': np.float64(0.2), 'rationale': 'Momentum=-0.00075, BulkPressure=0.00792, EntropyRegime=1.00, Neighbors=10', 'momentum': np.float64(-0.0007487044609666094), 'bulk_pressure': np.float64(0.007924169141992246), 'entropy_regime': np.float64(1.002246340040517)}",-82.82661437988281
2024-09-23,OPEN,LONG,1.1160838603973389,100427.3295402528,"{'direction': 1, 'confidence': np.float64(0.8), 'rationale': 'Momentum=0.00421, BulkPressure=0.00480, EntropyRegime=1.01, Neighbors=10', 'momentum': np.float64(0.004206583902543188), 'bulk_pressure': np.float64(0.004795038966249076), 'entropy_regime': np.float64(1.005028539654683)}",
2024-09-24,CLOSE,,1.111172795295715,99936.22303009042,"{'direction': 1, 'confidence': np.float64(0.2), 'rationale': 'Momentum=-0.00030, BulkPressure=0.00383, EntropyRegime=1.00, Neighbors=10', 'momentum': np.float64(-0.00030161271171385564), 'bulk_pressure': np.float64(0.003834149206383839), 'entropy_regime': np.float64(1.00276290644959)}",-491.10651016237574
2024-09-30,OPEN,LONG,1.1169815063476562,99936.22303009042,"{'direction': 1, 'confidence': np.float64(0.8), 'rationale': 'Momentum=0.00391, BulkPressure=0.01080, EntropyRegime=0.99, Neighbors=10', 'momentum': np.float64(0.0039062321364068788), 'bulk_pressure': np.float64(0.010799292704167704), 'entropy_regime': np.float64(0.9902160161312867)}",
2024-10-01,CLOSE,,1.113660216331482,99604.09402847299,"{'direction': -1, 'confidence': np.float64(0.8), 'rationale': 'Momentum=-0.00107, BulkPressure=-0.00720, EntropyRegime=1.01, Neighbors=10', 'momentum': np.float64(-0.001066403259683113), 'bulk_pressure': np.float64(-0.007202299382487642), 'entropy_regime': np.float64(1.0059701161690526)}",-332.12900161743164
2024-10-01,OPEN,SHORT,1.113660216331482,99604.09402847299,"{'direction': -1, 'confidence': np.float64(0.8), 'rationale': 'Momentum=-0.00107, BulkPressure=-0.00720, EntropyRegime=1.01, Neighbors=10', 'momentum': np.float64(-0.001066403259683113), 'bulk_pressure': np.float64(-0.007202299382487642), 'entropy_regime': np.float64(1.0059701161690526)}",
2024-10-02,CLOSE,,1.1063904762268066,100331.06803894052,"{'direction': 1, 'confidence': np.float64(0.2), 'rationale': 'Momentum=-0.00329, BulkPressure=0.00281, EntropyRegime=0.97, Neighbors=10', 'momentum': np.float64(-0.0032909278675800568), 'bulk_pressure': np.float64(0.002814279848461499), 'entropy_regime': np.float64(0.9660935230312067)}",726.9740104675293
2024-10-03,OPEN,SHORT,1.1048502922058103,100331.06803894052,"{'direction': -1, 'confidence': np.float64(0.8), 'rationale': 'Momentum=-0.00660, BulkPressure=-0.00640, EntropyRegime=0.99, Neighbors=10', 'momentum': np.float64(-0.006602849150886087), 'bulk_pressure': np.float64(-0.006397574604990653), 'entropy_regime': np.float64(0.9918240934746796)}",
2024-10-04,CLOSE,,1.103557825088501,100460.31475067144,"{'direction': 1, 'confidence': np.float64(0.2), 'rationale': 'Momentum=-0.00125, BulkPressure=0.01061, EntropyRegime=0.99, Neighbors=10', 'momentum': np.float64(-0.0012545987288660576), 'bulk_pressure': np.float64(0.010614687293308027), 'entropy_regime': np.float64(0.9890880947592602)}",129.24671173093483
2024-10-17,OPEN,SHORT,1.0862481594085691,100460.31475067144,"{'direction': -1, 'confidence': np.float64(0.8), 'rationale': 'Momentum=-0.00122, BulkPressure=-0.00438, EntropyRegime=0.99, Neighbors=10', 'momentum': np.float64(-0.0012165072474397743), 'bulk_pressure': np.float64(-0.004376422617435907), 'entropy_regime': np.float64(0.9891868546978401)}",
2024-10-21,CLOSE,,1.0868619680404663,100398.93388748172,"{'direction': 1, 'confidence': np.float64(0.2), 'rationale': 'Momentum=-0.00153, BulkPressure=0.00009, EntropyRegime=1.00, Neighbors=10', 'momentum': np.float64(-0.0015264846202632353), 'bulk_pressure': np.float64(9.096483937047786e-05), 'entropy_regime': np.float64(1.0023964772685403)}",-61.38086318971947
2024-10-22,OPEN,LONG,1.0817828178405762,100398.93388748172,"{'direction': 1, 'confidence': np.float64(0.8), 'rationale': 'Momentum=0.00493, BulkPressure=0.00426, EntropyRegime=1.00, Neighbors=10', 'momentum': np.float64(0.004928763354902837), 'bulk_pressure': np.float64(0.004262345325434849), 'entropy_regime': np.float64(1.0044399096334427)}",
2024-10-23,CLOSE,,1.079727053642273,100193.3574676514,"{'direction': -1, 'confidence': np.float64(0.8), 'rationale': 'Momentum=-0.00334, BulkPressure=-0.00175, EntropyRegime=1.01, Neighbors=10', 'momentum': np.float64(-0.0033391656042306263), 'bulk_pressure': np.float64(-0.0017474221705602716), 'entropy_regime': np.float64(1.006259613514865)}",-205.57641983032227
2024-10-23,OPEN,SHORT,1.079727053642273,100193.3574676514,"{'direction': -1, 'confidence': np.float64(0.8), 'rationale': 'Momentum=-0.00334, BulkPressure=-0.00175, EntropyRegime=1.01, Neighbors=10', 'momentum': np.float64(-0.0033391656042306263), 'bulk_pressure': np.float64(-0.0017474221705602716), 'entropy_regime': np.float64(1.006259613514865)}",
2024-10-25,CLOSE,,1.0824151039123535,99924.55244064334,"{'direction': 1, 'confidence': np.float64(0.8), 'rationale': 'Momentum=0.00004, BulkPressure=0.00278, EntropyRegime=1.01, Neighbors=10', 'momentum': np.float64(4.3013018050108666e-05), 'bulk_pressure': np.float64(0.0027810737258765744), 'entropy_regime': np.float64(1.005187351056831)}",-268.80502700805664
2024-10-25,OPEN,LONG,1.0824151039123535,99924.55244064334,"{'direction': 1, 'confidence': np.float64(0.8), 'rationale': 'Momentum=0.00004, BulkPressure=0.00278, EntropyRegime=1.01, Neighbors=10', 'momentum': np.float64(4.3013018050108666e-05), 'bulk_pressure': np.float64(0.0027810737258765744), 'entropy_regime': np.float64(1.005187351056831)}",
2024-10-29,CLOSE,,1.0816774368286133,99850.78573226932,"{'direction': 1, 'confidence': np.float64(0.2), 'rationale': 'Momentum=-0.00085, BulkPressure=0.01054, EntropyRegime=1.01, Neighbors=10', 'momentum': np.float64(-0.0008532105364903509), 'bulk_pressure': np.float64(0.010535159872256214), 'entropy_regime': np.float64(1.007358439331619)}",-73.76670837402344
2024-10-30,OPEN,LONG,1.0820636749267578,99850.78573226932,"{'direction': 1, 'confidence': np.float64(0.8), 'rationale': 'Momentum=0.00332, BulkPressure=0.00589, EntropyRegime=1.01, Neighbors=10', 'momentum': np.float64(0.0033238790112103734), 'bulk_pressure': np.float64(0.005888046276233124), 'entropy_regime': np.float64(1.0107053510801787)}",
2024-11-04,CLOSE,,1.087453007698059,100389.71900939944,"{'direction': -1, 'confidence': np.float64(0.2), 'rationale': 'Momentum=0.00316, BulkPressure=-0.00534, EntropyRegime=1.01, Neighbors=10', 'momentum': np.float64(0.003160011864573381), 'bulk_pressure': np.float64(-0.005342622047351051), 'entropy_regime': np.float64(1.0064607895354802)}",538.933277130127
2024-11-05,OPEN,SHORT,1.0874056816101074,100389.71900939944,"{'direction': -1, 'confidence': np.float64(0.8), 'rationale': 'Momentum=-0.00061, BulkPressure=-0.00762, EntropyRegime=1.00, Neighbors=10', 'momentum': np.float64(-0.0006108203926713185), 'bulk_pressure': np.float64(-0.007621355092550053), 'entropy_regime': np.float64(0.9997010034123153)}",
2024-11-06,CLOSE,,1.093445897102356,99785.69746017459,"{'direction': -1, 'confidence': np.float64(0.2), 'rationale': 'Momentum=0.00042, BulkPressure=-0.00272, EntropyRegime=1.00, Neighbors=10', 'momentum': np.float64(0.0004189205629548887), 'bulk_pressure': np.float64(-0.0027227230458562635), 'entropy_regime': np.float64(1.0045788743168595)}",-604.0215492248535
2024-11-07,OPEN,LONG,1.073306918144226,99785.69746017459,"{'direction': 1, 'confidence': np.float64(0.8), 'rationale': 'Momentum=0.00574, BulkPressure=0.00582, EntropyRegime=0.99, Neighbors=10', 'momentum': np.float64(0.005739408439553212), 'bulk_pressure': np.float64(0.005817905338553921), 'entropy_regime': np.float64(0.9863225261936416)}",
2024-11-08,CLOSE,,1.0795172452926636,100406.73017501834,"{'direction': 1, 'confidence': np.float64(0.2), 'rationale': 'Momentum=-0.01746, BulkPressure=0.00089, EntropyRegime=1.01, Neighbors=10', 'momentum': np.float64(-0.01746003447451514), 'bulk_pressure': np.float64(0.0008919971068807991), 'entropy_regime': np.float64(1.00802160062526)}",621.03271484375
2024-11-11,OPEN,LONG,1.0714898109436035,100406.73017501834,"{'direction': 1, 'confidence': np.float64(0.8), 'rationale': 'Momentum=0.00641, BulkPressure=0.00205, EntropyRegime=1.01, Neighbors=10', 'momentum': np.float64(0.00641152844064079), 'bulk_pressure': np.float64(0.0020536387183070323), 'entropy_regime': np.float64(1.0066971034193466)}",
2024-11-12,CLOSE,,1.066439151763916,99901.66425704959,"{'direction': 1, 'confidence': np.float64(0.2), 'rationale': 'Momentum=-0.00648, BulkPressure=0.02316, EntropyRegime=1.01, Neighbors=10', 'momentum': np.float64(-0.0064777409922527115), 'bulk_pressure': np.float64(0.023160996648297117), 'entropy_regime': np.float64(1.0148421572422166)}",-505.06591796875
2024-11-13,OPEN,SHORT,1.061672568321228,99901.66425704959,"{'direction': -1, 'confidence': np.float64(0.8), 'rationale': 'Momentum=-0.00359, BulkPressure=-0.00342, EntropyRegime=1.02, Neighbors=10', 'momentum': np.float64(-0.003593788110799223), 'bulk_pressure': np.float64(-0.0034168846634695517), 'entropy_regime': np.float64(1.015850330813484)}",
2024-11-18,CLOSE,,1.0533745288848877,100731.46820068362,"{'direction': 1, 'confidence': np.float64(0.2), 'rationale': 'Momentum=-0.00184, BulkPressure=0.01423, EntropyRegime=1.02, Neighbors=10', 'momentum': np.float64(-0.0018358660304944596), 'bulk_pressure': np.float64(0.014229103074453676), 'entropy_regime': np.float64(1.018160533628403)}",829.8039436340332
2024-11-19,OPEN,LONG,1.059490442276001,100731.46820068362,"{'direction': 1, 'confidence': np.float64(0.8), 'rationale': 'Momentum=0.00190, BulkPressure=0.00062, EntropyRegime=1.02, Neighbors=10', 'momentum': np.float64(0.0018970775411540242), 'bulk_pressure': np.float64(0.0006248579051735503), 'entropy_regime': np.float64(1.0164313435559231)}",
2024-11-22,CLOSE,,1.0469341278076172,99475.83675384524,"{'direction': 1, 'confidence': np.float64(0.2), 'rationale': 'Momentum=-0.00471, BulkPressure=0.01347, EntropyRegime=1.02, Neighbors=10', 'momentum': np.float64(-0.004707492429233235), 'bulk_pressure': np.float64(0.013467657438988355), 'entropy_regime': np.float64(1.0169389809322702)}",-1255.631446838379
2024-11-25,OPEN,SHORT,1.0479873418807983,99475.83675384524,"{'direction': -1, 'confidence': np.float64(0.8), 'rationale': 'Momentum=-0.00564, BulkPressure=-0.00857, EntropyRegime=1.01, Neighbors=10', 'momentum': np.float64(-0.0056374837161419665), 'bulk_pressure': np.float64(-0.008573486925087425), 'entropy_regime': np.float64(1.01465976350793)}",
2024-11-26,CLOSE,,1.0444300174713137,99831.5691947937,"{'direction': -1, 'confidence': np.float64(0.2), 'rationale': 'Momentum=0.00248, BulkPressure=-0.01225, EntropyRegime=1.01, Neighbors=10', 'momentum': np.float64(0.0024774167829012595), 'bulk_pressure': np.float64(-0.012249279158880284), 'entropy_regime': np.float64(1.0131534739591666)}",355.7324409484641
2024-11-27,OPEN,SHORT,1.0491198301315308,99831.5691947937,"{'direction': -1, 'confidence': np.float64(0.8), 'rationale': 'Momentum=-0.00166, BulkPressure=-0.00527, EntropyRegime=1.02, Neighbors=10', 'momentum': np.float64(-0.0016597295763348895), 'bulk_pressure': np.float64(-0.005274347024825271), 'entropy_regime': np.float64(1.0159053310957458)}",
2024-11-29,CLOSE,,1.0563008785247805,99113.46435546872,"{'direction': 1, 'confidence': np.float64(0.8), 'rationale': 'Momentum=0.00602, BulkPressure=0.01275, EntropyRegime=1.02, Neighbors=10', 'momentum': np.float64(0.006018351386285414), 'bulk_pressure': np.float64(0.012751814700209195), 'entropy_regime': np.float64(1.0195158817402366)}",-718.1048393249733
2024-11-29,OPEN,LONG,1.0563008785247805,99113.46435546872,"{'direction': 1, 'confidence': np.float64(0.8), 'rationale': 'Momentum=0.00602, BulkPressure=0.01275, EntropyRegime=1.02, Neighbors=10', 'momentum': np.float64(0.006018351386285414), 'bulk_pressure': np.float64(0.012751814700209195), 'entropy_regime': np.float64(1.0195158817402366)}",
2024-12-02,CLOSE,,1.0545074939727783,98934.1259002685,"{'direction': -1, 'confidence': np.float64(0.2), 'rationale': 'Momentum=0.00821, BulkPressure=-0.00428, EntropyRegime=1.01, Neighbors=10', 'momentum': np.float64(0.008208725886705192), 'bulk_pressure': np.float64(-0.004284527938321326), 'entropy_regime': np.float64(1.0109704288267947)}",-179.3384552002175
2024-12-03,OPEN,SHORT,1.0501223802566528,98934.1259002685,"{'direction': -1, 'confidence': np.float64(0.8), 'rationale': 'Momentum=-0.00012, BulkPressure=-0.00201, EntropyRegime=1.01, Neighbors=10', 'momentum': np.float64(-0.000124914861958414), 'bulk_pressure': np.float64(-0.002014063734882389), 'entropy_regime': np.float64(1.0108631879621752)}",
2024-12-05,CLOSE,,1.051414132118225,98804.95071411127,"{'direction': 1, 'confidence': np.float64(0.8), 'rationale': 'Momentum=0.00259, BulkPressure=0.01078, EntropyRegime=1.01, Neighbors=10', 'momentum': np.float64(0.002594027621850631), 'bulk_pressure': np.float64(0.010784405583955855), 'entropy_regime': np.float64(1.0120748582159047)}",-129.17518615722656
2024-12-05,OPEN,LONG,1.051414132118225,98804.95071411127,"{'direction': 1, 'confidence': np.float64(0.8), 'rationale': 'Momentum=0.00259, BulkPressure=0.01078, EntropyRegime=1.01, Neighbors=10', 'momentum': np.float64(0.002594027621850631), 'bulk_pressure': np.float64(0.010784405583955855), 'entropy_regime': np.float64(1.0120748582159047)}",
2024-12-06,CLOSE,,1.058559536933899,99519.49119567865,"{'direction': -1, 'confidence': np.float64(0.2), 'rationale': 'Momentum=0.00226, BulkPressure=-0.00341, EntropyRegime=1.01, Neighbors=10', 'momentum': np.float64(0.0022570024500931985), 'bulk_pressure': np.float64(-0.003409409117704394), 'entropy_regime': np.float64(1.0119675462589377)}",714.5404815673828
2024-12-09,OPEN,LONG,1.056546330451965,99519.49119567865,"{'direction': 1, 'confidence': np.float64(0.8), 'rationale': 'Momentum=0.00748, BulkPressure=0.00440, EntropyRegime=1.01, Neighbors=10', 'momentum': np.float64(0.0074768931724552455), 'bulk_pressure': np.float64(0.004402825710831163), 'entropy_regime': np.float64(1.013361080415438)}",
2024-12-10,CLOSE,,1.0555204153060913,99416.89968109128,"{'direction': 1, 'confidence': np.float64(0.2), 'rationale': 'Momentum=-0.00084, BulkPressure=0.00096, EntropyRegime=1.01, Neighbors=10', 'momentum': np.float64(-0.0008365374645467661), 'bulk_pressure': np.float64(0.0009599993706078476), 'entropy_regime': np.float64(1.0124998577932485)}",-102.59151458738015
2024-12-17,OPEN,LONG,1.0517348051071167,99416.89968109128,"{'direction': 1, 'confidence': np.float64(0.8), 'rationale': 'Momentum=0.00352, BulkPressure=0.01168, EntropyRegime=1.01, Neighbors=10', 'momentum': np.float64(0.0035242995103397677), 'bulk_pressure': np.float64(0.011682466975618937), 'entropy_regime': np.float64(1.0099672088852554)}",
2024-12-19,CLOSE,,1.0350252389907837,97745.94306945798,"{'direction': 1, 'confidence': np.float64(0.2), 'rationale': 'Momentum=-0.00165, BulkPressure=0.03298, EntropyRegime=1.01, Neighbors=10', 'momentum': np.float64(-0.001653459413642333), 'bulk_pressure': np.float64(0.03297758903273768), 'entropy_regime': np.float64(1.0097391140920595)}",-1670.9566116333008
2024-12-20,OPEN,SHORT,1.0364949703216553,97745.94306945798,"{'direction': -1, 'confidence': np.float64(0.8), 'rationale': 'Momentum=-0.01258, BulkPressure=-0.01880, EntropyRegime=1.02, Neighbors=10', 'momentum': np.float64(-0.012580533187692167), 'bulk_pressure': np.float64(-0.01879856985065767), 'entropy_regime': np.float64(1.0166243457710247)}",
2024-12-23,CLOSE,,1.0433076620101929,97064.67390060422,"{'direction': -1, 'confidence': np.float64(0.2), 'rationale': 'Momentum=0.00228, BulkPressure=-0.00914, EntropyRegime=1.01, Neighbors=10', 'momentum': np.float64(0.002275829682517538), 'bulk_pressure': np.float64(-0.009135867971479134), 'entropy_regime': np.float64(1.014087559304231)}",-681.2691688537598
2024-12-26,OPEN,SHORT,1.0399551391601562,97064.67390060422,"{'direction': -1, 'confidence': np.float64(0.8), 'rationale': 'Momentum=-0.00227, BulkPressure=-0.00145, EntropyRegime=1.02, Neighbors=10', 'momentum': np.float64(-0.002268132836090647), 'bulk_pressure': np.float64(-0.0014549480854191908), 'entropy_regime': np.float64(1.0154080924440674)}",
2024-12-30,CLOSE,,1.0429377555847168,96766.41225814816,"{'direction': 1, 'confidence': np.float64(0.8), 'rationale': 'Momentum=0.00259, BulkPressure=0.00293, EntropyRegime=1.02, Neighbors=10', 'momentum': np.float64(0.0025872755224961574), 'bulk_pressure': np.float64(0.0029291883942260183), 'entropy_regime': np.float64(1.016150629543044)}",-298.2616424560547
2024-12-30,OPEN,LONG,1.0429377555847168,96766.41225814816,"{'direction': 1, 'confidence': np.float64(0.8), 'rationale': 'Momentum=0.00259, BulkPressure=0.00293, EntropyRegime=1.02, Neighbors=10', 'momentum': np.float64(0.0025872755224961574), 'bulk_pressure': np.float64(0.0029291883942260183), 'entropy_regime': np.float64(1.016150629543044)}",
2024-12-31,CLOSE_FINAL,,1.040615200996399,96534.15679931638,,-232.2554588317871
